тургруппа_S	0
начина_S	1
озвученть_V	0
маляр_S	1
скульпторс_S	0
чудесный_A	0
раздесть_S	0
злополучный_A	0
подразделять_V	0
пинок_S	0
сдабривать_V	1
позориться_V	1
удлиняять_V	0
безрыбей_S	1
шанхайский_A	0
супчег_S	1
обожгиться_V	1
190руга_S	0
разувлекательный_A	0
продрогть_V	1
невероятный_A	1
сыроварень_S	1
выяснеться_V	0
мина_S	1
таинственный_A	0
пошить_V	1
сносноотреть_V	1
кой_A	1
литтть_V	0
юна_S	0
вурм_S	1
пауланер_S	0
глупать_V	1
неееееезнааааааюююий_A	1
открывание_S	0
ушить_V	1
дева_S	0
издеваться_V	1
отместка_S	1
жрачок_S	1
окейный_A	0
ассоциативный_A	0
подробный_A	0
марсианский_A	0
малин_S	1
денёк_S	1
представительный_A	0
вареник_S	1
помидорина_S	1
пружинить_V	0
пазнообразие_S	0
подрость_S	0
шампиньон_S	0
макдональдсовский_A	0
бездарность_S	1
артистизм_S	0
невксный_A	1
двухсограммовый_A	0
буля_S	1
смотрять_S	0
девонька_S	1
480рубый_A	0
сморщёный_A	1
плохутор_S	1
пазть_V	0
культивируть_S	0
доедить_V	1
пюрешкопорошка_S	1
чонитьсъесть_V	1
щиколотка_S	1
прогонять_V	1
байкальский_A	0
адамамэ_S	0
загнуть_V	1
схрумкать_V	1
бурд_S	1
фотоотчёт_S	0
обидти_V	1
регресс_S	0
азия_S	0
сирый_A	1
встретилисьс_S	0
побурчать_V	1
неглупый_A	1
очарование_S	0
наслышко_S	1
промия_S	1
океянский_A	0
попка_S	1
ростбиф_S	1
наиогромный_A	0
осмотреться_V	0
незнаааий_S	1
свежий_A	0
полянин_S	0
неправльный_A	1
грех_S	1
подвиг_S	0
питомник_S	0
магнум_S	0
думать_V	1
девятка_S	1
разбавль_S	1
докторский_A	0
сбитень_S	1
кунжутный_A	1
эклерчик_S	1
маффинчик_S	1
придуриваться_V	1
запить_V	1
отделяться_V	0
соответственноотреть_V	0
предвосхищать_V	0
понимаение_S	0
этный_A	0
буянить_V	1
печение_S	1
проигрывать_V	1
поменчться_V	0
группируться_V	0
сосисончик_S	1
буррид_S	0
обшить_V	0
огромоный_A	0
пекуться_V	1
чипёс_S	1
зелье_S	1
грац_S	0
говяжий_A	1
выразить_V	0
таинствнность_S	0
благообразие_S	0
абсурдный_A	1
заглядывай_S	0
девственный_A	0
разукраска_S	0
недоспелый_A	1
склонение_S	0
фридрих_S	0
проглатывать_V	1
подарок_S	0
варево_S	1
отсыть_S	0
многочисить_V	0
доесть_S	1
люлякебаб_S	1
осетрина_S	1
локейшный_A	0
парковский_A	0
проковыряться_V	1
попрошайничать_V	1
таджелиать_V	0
эклер_S	1
наредить_V	1
кура_S	1
интерестный_A	0
горошек_S	1
кафшка_S	1
плюхнуться_V	1
порадоавать_V	0
интереьер_S	0
всеохватный_A	0
пагра_S	0
облагораживание_S	0
идиотския_S	0
спиртовой_A	1
уааа_S	0
ответвление_S	0
отдыхасть_S	0
дебоширить_V	1
бооольша_S	0
мечеть_S	0
эмблема_S	0
паднуть_V	1
сырца_S	1
пирожное_S	1
похудно_S	1
печёнка_S	1
кайот_S	1
безалкагольный_A	1
мусс_S	0
разделительный_A	0
объединяться_V	0
загибаться_V	0
помпезный_A	0
основопологать_V	0
ненаваристый_A	1
камерность_S	0
плохой_A	1
худой_A	1
просб_S	1
выпечка_S	1
незнающий_A	1
запечатить_V	0
приветсвый_A	0
нервыя_S	1
лепёшка_S	1
оответствуеть_V	0
наш_A	1
бредятина_S	1
сморозить_V	1
нехороший_A	1
репекусить_V	1
пюрека_S	1
любовие_S	0
водружение_S	0
570р_S	0
гарбаровский_A	0
возложение_S	0
липкий_A	1
баржомь_S	1
недолив_S	1
дудка_S	1
боллоевский_A	0
бессовестный_A	1
коронный_A	0
недовариться_V	1
махать_V	0
новооткрыться_V	0
середнячок_S	1
риделевский_A	0
нажалуться_V	1
неизведанный_A	0
исчерпывать_V	0
лицезрель_S	0
погодный_A	1
роненфельд_S	0
несочный_A	1
брюзга_S	1
понимний_A	0
мобилка_S	0
двухсотметровый_A	0
горемычный_A	1
греческий_A	0
благодарный_A	0
нечищенный_A	1
е_S	1
отвель_S	0
съедение_S	1
играющять_V	0
испорить_V	1
подразделяться_V	0
радуш_S	0
вдохновлёть_V	0
прожжть_V	1
эффектный_A	0
раскраса_S	0
недопечёный_A	1
лукума_S	1
сельдереев_S	1
бессильный_A	1
тошный_A	1
настояние_S	1
девушкивыступать_V	0
танук_S	0
заводить_V	0
креольский_A	0
недоварёный_A	1
изголодать_V	1
бабулька_S	1
движняк_S	0
окрылеть_V	0
петергофский_A	0
пиетет_S	0
показный_A	0
наикрасивый_A	0
крушовица_S	1
восторженный_A	0
нельма_S	1
шарден_S	0
1100рубль_S	0
продезинфицровать_V	1
недостаток_S	1
ливз_S	0
профнепригодный_A	1
щипаный_A	1
съеть_V	1
пакость_S	1
немец_S	1
налюбоваться_V	0
беговыя_S	0
фурор_S	0
одушевлить_V	0
нищенка_S	1
преображать_V	0
вода_S	1
письмена_S	0
непроизносимый_A	1
пинать_V	1
красочный_A	0
ланча_S	0
недожаркий_A	1
касабланка_S	0
фотоальб_S	0
карекс_S	1
сойти_V	1
класснючий_A	1
сляпать_V	1
поллитровый_A	1
вид_S	1
губернаторский_A	0
сглазить_V	1
ундерконструксион_S	0
собирательный_A	0
промазать_V	1
недоразморожить_V	1
жуткотец_S	1
грязненький_A	1
паннакотт_S	0
безлошадный_A	1
куракина_S	0
театр_S	0
развареть_V	1
пройтись_V	1
булья_S	1
псих_S	0
повеличие_S	0
забегаловкь_S	1
тренеровать_V	0
водяной_A	1
шестедесять_A	0
неземный_A	0
оживлённый_A	0
сопровождение_S	0
нераздражающий_A	1
промах_S	1
посетиль_S	0
эскорт_S	0
отъть_V	1
райончик_S	1
диетичн_S	1
обслужевание_S	0
партизанский_A	0
поступок_S	1
радушие_S	0
вино_S	1
гармоничный_A	0
возвышенный_A	0
промерзть_V	1
пфефферер_S	0
водорастить_V	0
пропитать_V	1
говядинка_S	1
мелочёвка_S	1
бережье_S	1
обкапать_V	1
поддакнуть_V	1
волконский_S	0
громкоговорение_S	0
съедобноотреть_V	1
связалиь_S	0
францисканер_S	0
описательный_A	0
погребальный_A	0
нежадный_A	1
кошмар_S	1
безалкогольный_A	1
эльдар_S	0
объять_V	0
мокрый_A	1
недозрелый_A	1
придирчить_V	1
высидить_V	1
прасить_V	1
тальятелла_S	0
трап_S	0
мочёный_A	1
зомечательный_A	0
соединёть_V	0
фотоменю_S	0
пищеприём_S	1
балтийский_A	0
отклик_S	0
некритичный_A	1
рамка_S	0
место_S	1
полужареный_A	1
недогадливый_A	1
неправота_S	1
надышиться_V	1
мосфильм_S	0
удаться_V	0
пакий_S	1
поднаберуться_V	1
обмазка_S	1
удалённый_A	0
безобидный_A	1
краеведение_S	0
нержавейка_S	1
тиран_S	1
коллекционер_S	0
панна_S	1
помидороогуречный_A	1
печень_S	1
разочаруться_V	1
понить_S	1
воклицание_S	0
творить_V	1
свеобразный_A	0
пожаловать_V	0
215рубый_A	0
картофан_S	1
хватить_V	1
пробный_A	1
ляпот_S	1
заныть_V	1
фотошоповский_A	0
подсолничек_S	1
разбаловать_V	1
ирина_S	0
дерябнуть_V	1
отразить_V	0
певц_S	0
очниться_V	1
икея_S	0
становление_S	0
ерунда_S	1
печатлять_V	0
концептуальность_S	0
засахареть_V	1
картинный_A	0
ругаться_V	1
разя_S	1
заявка_S	1
хамить_V	1
алый_A	0
гомодарить_V	0
позица_S	0
прехороший_A	1
говяжик_S	1
злорадствый_S	1
холдинг_S	0
возникать_V	0
недоварин_S	1
иполнить_V	0
вёдро_S	1
максимальный_A	0
320р_S	1
адвокат_S	0
направить_V	0
полувертикальный_A	0
бальзомический_A	0
представленть_V	0
молодая_S	0
инициатива_S	0
мароканский_A	0
концептуальный_A	0
хеллуин_S	0
досточтимый_A	0
самостоятельный_A	0
прожолжать_V	1
какть_V	1
дыть_V	1
недопонять_V	1
неразмолотый_A	1
особняк_S	0
вепрвыя_S	0
пошляться_V	1
логика_S	0
удалец_S	0
гиннес_S	0
преображенский_A	0
подучиться_V	1
продаёться_V	1
толстенный_A	0
крушовца_S	1
аппетит_S	1
разбавить_V	1
промашка_S	1
площадь_S	1
батончик_S	1
розарио_S	0
лимонад_S	1
жёсткий_A	0
сотр_S	0
проничься_V	0
пбыть_V	1
немолочный_A	1
мишленовский_A	0
дээспэшный_A	0
наинежный_A	0
елисеев_S	1
одеть_V	0
отваливаться_V	1
тестый_A	1
подмороженый_A	1
будапештский_A	0
спешть_S	0
вялый_A	1
облегать_V	0
заморить_V	1
закаказать_V	1
недоснимка_S	1
святилище_S	0
заед_S	1
автопосетитель_S	0
вермишель_S	1
зашкаливать_V	1
напраный_A	0
пьться_V	1
добраться_V	0
ъедеть_V	1
атлетический_A	0
инфлюэнец_S	1
поражаться_V	0
60рубый_A	0
истребование_S	0
релиз_S	0
870р_S	0
земляника_S	1
пьянеть_V	1
панакотоподобный_A	0
нэп_S	0
совершенство_S	0
невыгодный_A	1
поднять_V	0
промариноваться_V	1
сморчок_S	1
крепкий_A	1
ансамбль_S	0
отзывчивать_V	0
поед_S	1
кислятина_S	1
обманывать_V	1
забодяжить_V	1
давленый_A	1
су_S	1
напоминать_V	0
заинтересовать_V	0
мельфея_S	0
мальтеза_S	0
довершение_S	0
бедненький_A	1
длиннть_V	0
молодость_S	0
анчоус_S	1
заедть_V	1
баранина_S	1
скуснятина_S	1
мимический_A	0
несладкий_A	1
неразгрызать_V	1
обмакнёть_V	1
хит_S	0
пршут_S	1
драник_S	1
маякойский_A	0
самогон_S	1
представительство_S	0
суп_S	1
харчотец_S	1
молодожён_S	0
непонять_V	1
удалать_V	0
переебить_V	1
плохенький_A	1
дайсон_S	0
соответствующий_A	0
самобытный_A	0
триггер_S	0
нервотрёпка_S	1
злостный_A	1
бронзовый_A	0
свинин_S	1
остый_A	1
зрелищий_A	0
разность_S	0
жмый_A	1
гурийский_A	0
маседуан_S	0
хенесси_S	0
ивентщик_S	1
гардеробщик_S	1
ждановкий_A	0
прессовать_V	1
молочный_A	1
вихать_V	0
полазить_V	1
перемочить_V	1
брошетта_S	0
кашеобразн_S	0
живить_V	0
фотографировать_V	0
чаявыя_S	1
непридь_S	1
эпизодический_A	0
раздраконить_V	1
ритуальный_A	0
ставить_V	1
вкуснотишш_S	1
подавиться_V	1
непричь_V	1
достойный_A	0
светлоея_S	0
ябедничать_V	1
отобразить_V	0
коржик_S	1
запечатлеться_V	0
чин_S	0
низкоколорийный_A	0
перекармливать_V	1
вкуснобыть_V	1
360рубль_S	0
пьёр_S	1
созерцать_V	0
куцо_S	1
закускить_V	1
исследование_S	0
узнавание_S	0
проём_S	1
мостить_V	0
неощипанный_A	1
солонина_S	1
диссонанс_S	0
выносить_V	0
велингтон_S	0
героический_A	0
недожарить_V	1
чипс_S	1
пивовино_S	0
дурёха_S	1
неделя_S	0
ошибочка_S	1
болото_S	1
франческий_A	0
гармония_S	0
одногруппник_S	0
читательский_A	0
жилардо_S	0
выварить_V	1
застарель_S	1
протрезвести_V	1
шотт_S	0
вкусовыя_S	0
панорманый_A	0
помидорь_S	1
красноречие_S	0
зажавщиться_V	1
порываться_V	0
фламандский_A	0
изящть_V	0
отдых_S	0
запропать_S	1
гречневубый_A	1
обжариться_V	1
горемыка_S	1
неразборчивый_A	1
евразия_S	0
корюшка_S	1
водочный_A	1
выразительный_A	0
кваситься_V	1
мысленный_A	0
неловкий_A	1
дух_S	0
прогорать_V	1
пожрать_V	1
ладошка_S	0
прогоркнуть_V	1
панакотт_S	0
ананасовый_A	1
отщипнуть_V	1
папарделть_S	0
умора_S	1
измазать_V	1
зайти_V	1
верт_S	0
восторженность_S	0
зюзя_S	1
соусничок_S	1
создание_S	0
огурок_S	1
кожица_S	1
органичность_S	0
склоный_A	0
упирание_S	0
высоченный_A	0
жратва_S	1
магера_S	0
вкусаня_S	1
испорчеть_S	1
тыща_S	1
навариться_V	1
недосушенный_A	1
умести_V	0
неэффективный_A	1
барслон_S	0
грешок_S	1
респект_S	0
молодёжный_A	0
родоначальник_S	0
удать_V	0
обижаться_V	1
шоу_S	1
прогадать_V	1
сигара_S	1
некрытый_A	1
несильный_A	1
поправленый_A	1
женственный_A	0
заморозкира_S	1
обглодать_V	0
разнообразиться_V	0
уныть_V	1
отслеживать_V	0
примыкать_V	0
замечательнать_V	0
определиться_V	0
звенигородский_A	0
прогнуть_V	1
кусануться_V	1
умысесть_V	1
флешмоб_S	0
пиршественный_A	0
дрючить_V	1
мухинский_A	0
беый_A	1
капусточка_S	1
недобрый_A	1
хипстерский_A	0
приподнять_V	0
подойти_V	0
обгрызть_V	1
соотвественный_A	0
бланша_S	0
уголёк_S	1
васаби_S	0
блинчик_S	1
рыба_S	1
мороженный_A	1
недостаточный_A	1
функциональный_A	0
обжористый_A	1
720рубый_A	0
отобразиться_V	0
водка_S	1
морожеий_A	1
быдсть_S	1
мама_S	0
заинтересоваться_V	0
всепоглощать_V	0
дискуссия_S	0
вкус_S	1
откртый_A	0
отставка_S	1
кольцеобразный_A	0
спешиать_V	0
спасский_A	0
тушуться_V	1
пантомимка_S	0
невиданный_A	0
обосновывавать_V	0
ханжа_S	1
гелиос_S	0
излагать_V	0
весенно_S	0
засохнуть_V	1
модельер_S	0
корка_S	1
естетик_S	0
организаторский_A	0
шнапс_S	1
простокваша_S	1
недовкус_S	1
увлечить_V	0
сочтить_V	0
удостоиться_V	0
дефилировать_V	0
смородиновый_A	1
анчеус_S	0
графический_A	0
зажаривать_V	1
сыночек_S	1
выпендриваться_V	1
сгоношить_V	1
бараний_A	1
нимфа_S	0
магга_S	0
недоливать_V	1
особый_A	0
нега_S	1
вонючка_S	1
заеда_S	1
серебристый_A	0
остропищевый_A	1
дизайнер_S	0
пироговский_S	0
окошко_S	1
отдушина_S	0
сочж_S	0
оргазмический_A	0
круговорот_S	0
параллель_S	0
нытик_S	1
изюминкий_A	0
евразие_S	0
недоложить_V	1
обриса_S	0
торрес_S	0
неразумный_A	1
промямлить_V	1
черногорский_A	0
невнятный_A	1
засохшый_A	1
бережёный_A	1
шелест_S	0
цахтоня_S	0
экспонат_S	0
панорамма_S	0
сироп_S	1
запущёный_A	1
опозориться_V	1
подсушить_V	1
миграционный_A	0
флайер_S	0
ухудшение_S	1
свиной_A	1
минь_S	1
беляш_S	1
разлють_V	1
нечитаемый_A	1
пожурить_V	1
титанический_A	0
чемодан_S	0
очаровательный_A	0
глупец_S	1
обьединение_S	0
россейский_A	0
пристегниться_V	1
внесёть_V	0
папардеть_V	0
язак_S	1
гадёныш_S	1
убитый_A	0
неедовыя_S	1
кулинарный_A	1
диретор_S	0
некачественный_A	1
бутылочный_A	1
обрашение_S	0
аааауууа_S	0
нахрить_V	1
подсохнуть_V	1
облечить_V	0
сверкать_V	0
трапеза_S	0
унять_V	1
проп_S	1
хугардный_A	0
огромнейшать_V	0
хранительница_S	0
требуха_S	1
нечитабельный_A	1
чайничек_S	1
шабли_S	0
заяц_S	1
диалог_S	0
новосветский_A	0
куоинарный_A	0
ленэкспо_S	0
сырооооый_A	1
налоговик_S	1
документальный_A	0
330руга_S	0
отгрызть_V	1
картинг_S	0
непосредственный_A	0
ир_S	0
невоспитанный_A	1
непродохнуть_V	1
ерьмо_S	1
ситный_A	1
мясныесырный_A	1
великодержавный_A	0
попать_V	1
япошка_S	1
голодать_V	1
лентовский_A	0
невежливость_S	1
червячок_S	1
сухой_A	1
скунс_S	1
гнивать_V	1
незачерственелый_A	1
органический_A	0
рыбка_S	1
бутылочка_S	1
снегурочка_S	0
глотнуть_V	1
пармезанчик_S	1
дождуться_V	1
нора_S	1
спаржа_S	1
винторогий_A	0
законодательный_A	0
загрызть_V	1
узреть_V	0
вкуситный_A	1
кофть_V	1
многоготец_S	0
несолёный_A	1
утруск_S	1
вход_S	0
неизумлённый_A	0
помидорк_S	1
орнамент_S	0
свежеоткрывшться_V	0
недоваренный_A	1
несамый_A	1
вычленять_V	0
щишка_S	1
разделаться_V	0
именоваться_V	0
приветствуть_V	0
движухнуть_V	0
прошодить_V	1
сволочь_S	1
фоннограмм_S	0
модь_S	0
кировский_A	0
зверёнок_S	0
попижонить_V	1
чудеснейша_S	0
координатор_S	0
перие_S	1
круассанчик_S	1
видиться_V	1
обычненький_A	1
суфра_S	0
гинзовский_A	0
сладкоежка_S	1
пещрить_V	0
шумность_S	0
открыреть_V	0
софит_S	0
сложногеометрический_A	0
перевариваться_V	1
наработка_S	0
гнилой_A	1
бисквит_S	1
разверать_S	0
эстафета_S	0
хайтечо_S	0
потоооооом_S	1
довлатовский_A	0
влекать_V	0
танцеваля_S	0
испытатель_S	0
уединиться_V	0
очухаться_V	1
полистать_V	0
деталька_S	0
заболтать_V	1
архангельский_A	0
садов_A	0
недорогой_A	1
пино_S	0
вафлепек_S	1
девушкина_S	0
галерея_S	0
баклажан_S	1
свеха_S	0
поругаться_V	1
слабосоленый_A	1
испать_V	0
лицезрение_S	0
подгорелый_A	1
пюрешечка_S	1
невнимание_S	1
аудиать_V	0
козлятина_S	1
румянцевский_A	0
пожелание_S	0
бранить_V	1
морошковый_A	1
сырный_A	1
взялотец_S	1
откармливать_V	1
хэллоуин_S	0
гретхен_S	0
квас_S	1
копирайт_S	0
недело_S	1
чередование_S	0
кипяточек_S	1
невезучий_A	1
ичерпывать_V	0
омать_S	1
смежный_A	0
интрерсный_A	0
ворчестерский_A	0
невесёлый_A	1
гнусный_A	1
мелочишка_S	1
хороша_S	1
многообъёмный_A	0
разночтение_S	0
печечка_S	1
патэ_S	0
фотосъёмка_S	0
топовый_A	0
позитывный_A	0
симифредо_S	0
уплеться_V	0
женевский_A	0
лёд_S	0
фокусировать_V	0
вербальный_A	0
проеда_S	1
вкуснейнуть_V	1
париж_S	0
яркий_A	0
адриатический_A	0
испоганиться_V	1
минута_S	0
зарить_V	0
перегреваться_V	1
утёнок_S	1
отучать_V	1
пустяшка_S	1
шаманский_A	0
трдиционный_A	0
громовбар_S	0
разозться_V	1
образ_S	0
восторгнуть_V	0
движимый_A	0
таверна_S	0
неудачник_S	1
дождешьсить_V	1
скучновить_V	1
монохромный_A	0
баловывать_V	1
меланин_A	0
противопоказать_V	1
кашеобразность_S	0
незаваристо_S	1
мечтать_V	0
тень_S	0
сп_S	0
воодушевиться_V	0
вдохновлять_V	0
апеннинский_A	0
поговаривать_V	1
чаат_S	0
веха_S	0
пролистать_V	0
гадкий_A	1
плейсмэта_S	0
куха_S	1
чапай_S	1
пудинг_S	0
выгонять_V	1
заедуть_V	1
крючок_S	0
салато_S	1
макароны_S	1
короста_S	1
гуд_S	1
ждановский_A	0
жирнть_V	1
орига_S	0
двигатель_S	0
засрать_S	1
10рубый_A	0
неуспелый_A	1
непрогодать_V	1
фотокафе_S	0
испорчный_A	1
рульк_S	1
напруга_S	0
портить_V	1
обалденна_S	0
съесть_S	1
вкуснотища_S	1
свершение_S	0
иформация_S	0
цветотерапия_S	0
ме6сиканский_A	0
дажа_S	1
недоделанность_S	1
110рубый_A	0
морковник_S	1
сиротский_A	1
хингать_S	0
звучный_A	0
придирый_A	1
выдвижной_A	0
созидательный_A	0
столетие_S	0
глотать_V	1
высказать_V	0
хреновый_A	1
замор_S	1
лодочка_S	0
четырехсотрублев_S	0
тухлец_S	1
подытоживый_S	0
чёрт_S	0
знаменатель_S	0
260реть_V	0
сверять_V	0
негодность_S	1
соотношение_S	0
вписaть_V	0
интересевать_V	0
сжать_V	0
отпечатывать_V	0
незваный_A	1
покровительстветь_V	0
варение_S	1
разделяться_V	0
прелесть_S	0
ориентация_S	0
топеро_S	0
краевед_S	0
мясорубка_S	1
йууууууухууууа_S	1
безналичный_A	1
стерлядка_S	1
скобка_S	0
гуляш_S	1
подсыхать_V	1
испишиться_V	1
орфей_S	0
мясосырнаясоусный_A	1
шибать_V	1
респкт_S	0
прерваться_V	0
противник_S	1
копируя_S	0
шматочка_S	1
отмечить_V	0
отковырять_V	1
сфольятелля_S	0
нелоха_S	1
барыжатый_A	1
повествование_S	0
везунчик_S	1
плошка_S	1
конструировать_V	0
нераф_S	1
обговариваеться_V	0
мохитить_V	0
заглянуть_V	0
дешеветь_V	1
кожушок_S	1
неувязка_S	1
лука_S	1
фламанда_S	0
рускоговорящий_A	0
непрожареный_A	1
скушной_A	1
развлекать_V	0
единстенный_A	0
атрибутика_S	0
накручивать_V	0
патронаж_S	0
незамороженный_A	1
получёрствый_A	1
ранцузский_A	0
благоговение_S	0
заядль_S	1
крутанский_A	0
углядеть_V	1
нана_S	1
строганов_S	0
визуальный_A	0
подтвердиться_V	0
кюкю_S	0
понг_S	0
нашуметь_V	0
сверхподход_S	0
светлость_S	0
умиление_S	0
лингвистический_A	0
консервофобие_S	1
запашка_S	1
вкуснть_V	1
помёрзнуть_V	1
соотвествовать_V	0
шриланский_A	0
усевать_V	0
организуть_V	0
цейтнот_S	1
расстроить_V	1
черемша_S	1
логический_A	0
возвышенность_S	0
холодать_V	1
доедасть_S	1
рубль_S	1
экскурсионный_A	0
дышаться_V	1
остаться_V	1
роллара_S	0
неучтивый_A	1
бедолага_S	1
попопробовать_V	1
кремобразный_A	0
встречательный_A	0
склоняться_V	0
удовлетвориться_V	1
перепёлка_S	1
дружеский_A	0
понятие_S	0
неразочаровать_V	1
икрасота_S	0
пустячок_S	1
поправиться_V	1
джентельмен_S	0
кофейничать_V	1
приветливый_A	0
пожелние_S	0
облизывать_V	1
постращать_V	1
пройсть_S	1
отсидеть_V	1
слабосильный_A	1
декомпозициоть_V	0
слоёнок_S	1
недоделанский_S	1
суширия_S	1
италь_S	0
отговаривать_V	1
дура_S	1
пищеварение_S	1
яблокоморковь_S	1
харп_S	0
цитрусовый_A	1
замерзнть_V	1
колоннада_S	0
сыр_S	1
грязь_S	1
непропечёный_A	1
малосолёный_A	1
мяско_S	1
недовольный_A	1
ознакомиться_V	0
расстривать_V	1
юшка_S	1
злющий_A	1
сферический_A	0
надкусить_V	1
ува_S	1
молескин_S	0
вкуснотота_S	1
отговарить_V	1
полусвариться_V	1
двухсторонный_A	0
мучача_S	1
портрет_S	0
притеснять_V	1
газировка_S	1
ломоносовкий_A	0
воодушевление_S	0
актовый_A	0
скиснуть_V	1
насильный_A	1
контент_S	0
тара_S	0
экспресс_S	0
раскладываться_V	0
гранд_S	0
фаршмак_S	1
стручковый_A	1
обпиться_V	1
венчать_V	0
отмочить_V	1
столовый_A	1
опровождать_V	0
водк_S	1
празнование_S	0
ступентка_S	0
былинный_A	0
восхищение_S	0
изучение_S	0
моллис_S	0
посуда_S	1
хитрюга_S	1
сообразительный_A	0
куряшка_S	1
светлица_S	0
чифир_S	1
обчихать_V	1
когдить_V	0
лермонтовский_A	0
проесть_V	1
трюфельный_A	1
недо_S	1
покровительница_S	0
засахарить_V	1
цикламеновый_A	0
360р_S	0
хвататься_V	1
киперо_S	0
какашка_S	1
некурить_V	1
обособлить_V	0
слоновий_A	0
финляндский_A	0
непустый_A	1
недовзбиться_V	1
лахмаджуна_S	0
самечательный_A	0
сытноя_S	1
бутербродик_S	1
орнаментальный_A	0
звон_S	0
рагацци_S	0
начос_S	0
фильм_S	0
окидывать_V	0
выделять_V	0
раздельный_A	0
швейцарский_A	0
наиневкусный_A	1
пирамидообразный_A	0
жаловалсить_V	1
металлоискатель_S	0
кашка_S	1
маковский_A	0
диджестив_S	0
баку_S	1
какой_A	1
непридирчивый_A	1
бьокать_V	0
расписный_A	0
анфилада_S	0
намечеть_S	0
многообразие_S	0
назначение_S	0
порцайк_S	1
веллингтонский_A	0
вечатление_S	0
придираться_V	1
сколочеть_S	0
мокалбарь_S	0
гарсон_S	0
отравить_V	1
рыбёшка_S	1
адыгейский_A	0
всеоружие_S	0
приветствовать_V	0
слайсер_S	0
насморк_S	1
повредничать_V	1
винегрет_S	1
живопись_S	0
переколбасить_V	1
мерзковатый_A	1
тепло_S	0
отнекиваться_V	1
однозначный_S	0
ньюйоркский_A	0
выловить_V	1
ботанический_A	0
пресноватотец_S	1
краб_S	1
гога_S	1
некурильщик_S	1
новодеть_V	0
гарнирный_A	1
чтоосьминог_S	1
текстовый_A	0
тухляк_S	1
херес_S	1
разнообрзный_A	0
мексиканский_A	0
запортить_V	1
неуспеть_V	1
широкоулыбчивый_A	0
оштрафовывать_V	1
разнюхать_V	1
стенной_A	0
эвмный_A	1
изображеть_V	0
примуться_V	1
блеск_S	0
погодка_S	1
нежданный_A	0
худьший_A	1
серфер_S	0
омлет_S	1
запись_S	0
исаакиевский_A	0
язык_S	1
опанька_S	1
клубничка_S	1
кантонский_A	0
иллюстрировать_V	0
понадкусывать_V	1
многострадальческий_A	0
мобила_S	0
дожарить_V	1
промтара_S	1
1стаканный_A	1
выразительность_S	0
протухший_A	1
скрупулёзность_S	0
прикрикнуть_V	1
несъеденый_A	1
кругозор_S	0
фотошоп_S	0
смусся_S	0
проголадаться_V	1
краеведческий_A	0
академический_A	0
неоскверненный_A	1
неперегруженный_A	1
расширить_V	0
памятовать_V	0
повелитель_S	0
испортить_V	1
смирить_V	1
дибуновский_A	0
сюжет_S	0
талончик_S	1
опаздать_V	1
слепой_A	1
пост_S	1
штука_S	1
трапиз_S	0
нипоццано_S	0
воронежский_A	0
мясорыбный_A	1
внемание_S	0
сверхинтересный_A	0
особа_S	0
фотографируться_V	0
торжество_S	0
флор_S	0
радучить_V	0
дивистый_A	0
20миллиметровый_A	1
оверпрайс_S	0
примечательный_A	0
говно_S	1
сгрызть_V	1
моцарт_S	0
уборный_A	0
разделить_V	0
нерадивый_A	1
говаорить_V	0
забористь_S	1
оригинал_S	0
иордание_S	0
морожить_V	1
испытать_V	0
негигиеничный_A	1
дисгармоничный_A	0
фреский_S	0
многостраничный_A	0
специфический_A	0
повидть_V	1
дохловата_S	1
элегантный_A	0
хер_S	1
занудный_A	1
неудовлетворительный_A	1
нечсастный_A	1
давить_V	1
нирвана_S	0
вкусненный_A	1
вывеска_S	1
проговориться_V	1
байкёрш_S	0
фритть_V	0
пьваться_V	1
наркот_S	1
разработка_S	0
сфотографировать_V	0
одухотвореть_V	0
экскурсия_S	0
переморожить_V	1
разнообразный_A	0
интерфейс_S	0
аналогия_S	0
одухотворять_V	0
додуматься_V	1
соображать_V	0
вертикальный_A	0
гуавыя_S	0
хоровац_S	0
вкуснятка_S	1
самбукий_S	0
недокафе_S	1
удумать_V	1
разнообазие_S	0
худо_S	1
увлекасть_S	0
ознаменовать_V	0
пресновить_V	1
августовский_A	0
стаpаться_V	1
вещевой_A	1
недоумение_S	0
хрен_S	1
паннакот_S	0
очарователить_V	0
вырагнуть_V	0
тыквенник_S	1
неперченый_A	1
подлив_S	1
пропахнуть_V	1
оживить_V	0
гейша_S	0
разнообразность_S	0
обозревать_V	0
говядина_S	1
вневедомстветь_V	0
мимино_S	0
личностный_A	0
свобода_S	0
говурм_S	1
непуганый_A	1
отражение_S	0
звучалотец_S	0
ливрея_S	0
телятинк_S	1
пугалка_S	1
монтенегро_A	0
скудный_A	1
университетский_A	0
зануда_S	1
масковскать_V	0
декораторский_A	0
антенна_S	0
рикламо_S	0
провадить_V	1
отчёт_S	0
жираф_S	0
недешовой_S	1
толстовский_A	0
миланский_A	0
высокопарный_A	0
встретять_V	0
бодрить_V	0
броть_V	1
хеллоуин_S	0
итальнский_A	0
развлекательный_A	0
сиропчик_S	1
наименование_S	0
влечение_S	0
пёрый_A	0
преклонный_A	0
слякотный_A	1
демонстрируть_S	0
дворик_S	1
колотый_A	1
холодное_S	0
нехваткий_A	1
иметься_V	0
представть_V	0
пластический_A	0
30сть_V	0
подружкий_A	0
выгнать_V	1
яблочко_S	1
избавляться_V	1
квасить_V	1
подкачать_V	1
зазорный_A	1
баттер_S	0
соотвествие_S	0
недомогание_S	1
хроника_S	0
сосиска_S	1
казбар_S	1
несведущий_A	1
винегреть_V	1
парадигма_S	0
обгадить_V	1
капать_V	1
индийский_A	0
недосмотр_S	1
ингредиета_S	1
телеэкран_S	0
определить_V	0
сушерия_S	1
крежещ_S	1
пииииип_S	0
пакостный_A	1
протусить_V	1
тяготение_S	0
вдохновитель_S	0
джазовый_A	0
чертог_S	0
перемороженый_A	1
юбилярша_S	0
разъесть_S	1
этикетка_S	0
дешёвый_A	1
шахматный_A	0
горчица_S	1
станиславский_S	0
заведовать_V	1
совершенолетие_S	0
озвучивать_V	0
сынуль_S	1
открывашка_S	0
взяаять_S	1
кофие_S	1
эпоха_S	0
страничка_S	0
биться_V	1
портать_S	0
водочка_S	1
муся_S	0
кипячёный_A	1
оригиналить_V	0
зреть_V	0
перекуситбыть_V	1
разваривать_V	1
реконструкция_S	0
отгардеробить_V	0
воинский_A	0
глосса_S	0
мороженица_S	1
пылкий_A	0
пробурчать_V	1
ветер_S	0
съеденый_A	1
несчастие_S	1
бурление_S	0
колсаб_S	1
зумовский_A	0
розлив_S	1
этогия_S	0
описание_S	0
фотооотчёт_S	0
недонести_V	1
излучать_V	0
пантомима_S	0
виноватый_A	1
москвич_S	0
модемик_S	0
одномоментный_A	0
едобный_A	1
ставка_S	1
исчерпываять_V	0
мокренький_A	1
вобрать_V	0
панель_S	0
нетиражный_A	1
полнокровный_A	0
каналья_S	1
помечать_V	0
нуть_V	1
обширный_A	0
овсянка_S	1
велликолепн_S	0
годюжник_S	1
вкусныбыть_V	1
лаунж_S	1
запивка_S	1
нестыдный_A	1
мопс_S	0
преверед_S	1
строгий_A	0
связанный_A	0
том_S	1
феторолл_S	0
порка_S	1
вареничек_S	1
амадина_S	0
шпинать_V	1
засаленый_A	1
срамиться_V	1
обожраться_V	1
открывщийся_A	0
короч_S	1
проспиртовать_V	1
говяшка_S	1
обыпать_V	1
елизаровский_S	0
печёночка_S	1
доехать_V	1
упомянуть_V	0
морозец_S	1
шпатен_S	0
обслуживание_S	0
нелюбмый_A	1
выдаться_V	0
палермо_S	0
мильфия_S	0
чудесятина_S	0
обжираловка_S	1
указывать_V	0
граций_A	0
тотем_S	0
скотина_S	1
компотный_A	1
индивидуальный_A	0
коньячок_S	1
бяка_S	1
полуделовыя_S	0
12тысяча_S	0
любопытный_A	0
юппи_S	0
впечатить_V	0
пришить_V	1
надписать_V	0
бомонд_S	0
богиня_S	0
руить_V	1
речь_S	0
смский_S	0
экспрес_S	0
300р_S	0
гучч_S	0
поэль_S	0
сливочный_A	1
светлоотреть_V	0
гутарить_V	1
огибать_V	0
злый_A	0
приснопамятный_A	0
звучать_V	0
прожарочка_S	1
шаба_S	1
буть_V	1
сводчатыть_V	0
чернышевский_A	0
110р_S	0
брррррррра_S	1
зрелищь_S	0
экскурсировать_V	0
подавалсить_V	1
сводчать_V	0
уродливый_A	1
прожарить_V	1
коннолть_S	0
сложилить_V	1
третьяковский_A	0
совать_V	1
экскурс_S	0
братик_S	1
свежайшать_V	0
пекин_S	0
грушовыя_S	1
представительский_A	0
щека_S	0
вихрь_S	0
заводский_A	0
плюнуть_V	1
дитятко_S	1
наливать_V	1
недомерок_S	1
ёжик_S	1
изумлить_V	0
вкрадчивать_V	0
некурищий_A	1
обкакать_V	1
лжешашлык_S	1
централ_S	0
восхитетелить_V	0
владелицо_S	0
мечта_S	0
восхвалять_V	0
братишка_S	1
незакатя_S	1
дешевль_S	0
пин_S	0
мраморный_A	0
нюхнуть_V	1
перчёный_A	1
гадостный_A	1
уединение_S	0
побухать_V	1
истовый_A	0
тайхео_S	0
19000т_S	0
пончик_S	1
бракосочетание_S	0
выцеливать_V	0
изящество_S	0
творение_S	0
марроканский_A	0
новаторский_A	0
задник_S	0
упругать_V	0
невежа_S	1
поэтический_A	0
рулька_S	1
повелевать_V	0
модемный_A	0
неовать_V	1
хренеть_V	1
куща_S	0
красноречивость_S	0
кожурок_S	1
безденежье_S	1
кашица_S	1
нууа_S	0
тухлятина_S	1
увековечить_V	0
искуственный_A	0
наана_S	0
сельдерей_S	1
высоий_A	0
эскиз_S	0
крошка_S	1
кунжут_S	1
умножать_V	0
лонгера_S	0
возвращать_V	0
синкопа_S	0
угорёк_S	1
задиристь_S	1
ценновый_A	0
недоглядель_S	1
динамить_S	0
составной_A	0
разваристый_A	1
нерентабельный_A	1
оттенясти_V	0
опохмеляться_V	1
заглотнуть_V	1
функциональность_S	0
трайтоновский_A	0
мацонить_V	0
резонабласть_S	0
эфир_S	0
недодумка_S	1
обрамление_S	0
сопть_V	1
щашлык_S	1
папилотка_S	0
застаёть_V	1
одобрить_V	0
выпить_V	1
брть_S	1
андреевский_S	0
объедение_S	1
забыль_S	1
рустам_S	0
наливайка_S	1
типичный_A	0
мятка_S	1
ученик_S	0
поедательница_S	1
абсент_S	1
проехздить_V	1
импозантный_A	0
креветка_S	1
кремлёвский_A	0
отвратительный_A	1
блевать_V	1
нчик_S	1
клюква_S	1
соответсвтвовать_V	0
яичко_S	1
нехватать_V	1
заварна_S	1
шарообразный_A	0
некритичнотец_S	1
чумовой_A	1
аматричиан_S	0
свидание_S	0
проготовить_V	1
соторок_S	0
трехсотграммовый_A	0
ейный_A	1
изобразить_V	0
сочетание_S	0
соответственый_A	0
выклянчить_V	1
вручение_S	0
порыв_S	0
многокомпонентный_A	0
накинуться_V	1
обойдуться_V	1
наймёть_V	1
сосатвитя_S	1
раскинуть_V	0
именновать_V	0
дивидти_V	1
сучок_S	1
515р_S	0
вкусёть_V	1
переварить_V	1
спль_S	1
антитесто_S	1
патрик_S	0
грюйер_S	0
лицезреть_V	0
пловдив_S	0
дружественный_A	0
позиция_S	0
суррогат_S	1
вульгарный_A	1
пригласительный_A	0
мушкетёрский_A	0
бабочка_S	0
панно_S	0
опазывать_V	1
понимие_S	0
морить_V	1
ананас_S	1
заехать_V	1
итдемик_S	1
негодный_A	1
противный_A	1
разграничение_S	0
рыбина_S	1
целесообразность_S	0
машхудо_S	1
мясоядный_A	1
мальчонок_S	1
невыполнимый_A	1
декоратор_S	0
неандерталец_S	0
маркер_S	0
кисленький_A	1
благожелательный_A	0
манежный_A	0
свериться_V	0
гармонический_A	0
тенистый_A	0
макарун_S	0
сухарять_V	1
заказ_S	1
скрепить_V	0
молодомуж_S	0
живописный_A	0
сережа_S	1
кровушка_S	1
малолсть_S	1
беседуй_S	0
пиар_S	0
некусачий_A	1
музончик_S	1
мармеладка_S	1
вздорить_V	1
желание_S	0
модератор_S	0
топка_S	1
окружность_S	0
хэллоуиновский_A	0
костыль_S	1
грубиянка_S	1
черствоватый_A	1
целиковый_A	0
неостраница_S	1
заведит_S	1
умыть_V	1
столетний_A	0
серебряный_A	0
тюльпан_S	0
недоедать_V	1
убогий_A	1
глубинка_S	0
эспрессо_S	0
вследующий_A	0
котейка_S	1
белийский_A	1
прифкус_S	1
морозти_V	1
хоровой_A	0
фланирование_S	0
наживка_S	1
никотин_S	1
арабский_A	1
подарить_V	0
обзывать_V	1
диафрагменный_A	0
типоразхмер_S	0
прикуска_S	1
прикуск_S	1
целевой_A	0
калач_S	1
разжиреть_V	1
отрешение_S	0
салатный_A	1
ломтема_S	1
сподвигнуть_V	0
паприка_S	1
общепить_V	1
одежонка_S	1
тыквеный_A	1
двусторонний_A	0
чаруюсчий_A	0
похмельный_A	1
заказать_V	1
порыться_V	0
комплексный_A	0
безработный_A	1
рандеву_S	0
род_S	0
высосать_V	1
брейк_S	0
колбасковый_A	1
пельменька_S	1
проспента_S	1
грызтьпохрустеть_V	1
солод_S	1
месячишко_S	1
воодушевять_V	0
милано_S	0
неверный_A	1
вкуснятинка_S	1
мискообразный_A	0
недоель_S	1
консервы_S	1
склизкий_A	1
послевкусиия_S	1
шоколадница_S	1
лингуин_S	0
креветоу_S	1
кочерыжок_S	1
быдло_S	1
состязание_S	0
неубранность_S	1
мный_A	1
имтимный_A	0
ролть_S	0
имеють_V	0
предевичие_S	0
чеддер_S	0
поправка_S	1
штрих_S	0
объянить_S	1
знамя_S	0
тёмный_A	0
голодныбыть_V	1
смолить_V	0
смориться_V	1
бездарь_S	1
взаимопомощь_S	0
роскошный_A	0
доедаль_S	1
промёрзнуть_V	1
золотая_S	0
гротенут_S	0
полуторный_A	0
взаимосвязанный_A	0
тунец_S	1
биррерия_S	0
наваристость_S	1
нерка_S	1
кроха_S	1
прикладывать_V	0
выдеть_V	0
кома_S	1
строгановский_A	0
достоин_A	0
диснейленд_S	0
алкаш_S	1
нищнть_V	1
созерцание_S	0
вареньиец_S	1
воспевать_V	0
раскрыть_V	0
разгрызть_V	1
бородинский_S	0
испортиться_V	1
старикашка_S	1
попишть_S	1
пошлть_S	1
монументальный_A	0
кастрюля_S	1
стейк_S	1
история_S	0
встрерить_V	0
редька_S	1
перчик_S	1
пожратый_A	1
преснятина_S	1
грязнут_S	1
непропитанный_A	1
скульптурный_A	0
пёрло_S	0
каламбурчик_S	1
обсуживание_S	0
плата_S	0
колупать_V	1
калейдоскоп_S	0
таинство_S	0
карликовый_A	0
прожжть_S	1
овладеть_V	0
вниманительный_A	0
кориандровый_A	1
банкетный_A	0
синтез_S	0
комарьё_S	1
уговаривать_V	1
есть_V	1
контемпорарь_S	0
отврить_V	1
брюзгнуть_V	1
ломтик_S	1
осмысить_V	0
ненваристый_A	1
отразиться_V	0
леля_S	0
спиртное_S	1
банальнотец_S	1
купля_S	1
витаминчик_S	1
литр_S	1
марка_S	1
замечательнейнуть_V	0
лиговка_S	1
подотчётный_A	0
развивать_V	0
лабиринт_S	0
кажться_V	1
встречеть_S	0
сырничок_S	1
откручивать_V	0
повонять_V	1
сформироваться_V	0
марихуана_S	1
ревербеллируть_S	0
причудливый_A	0
супотреть_S	1
светомузыкальный_A	0
сопливить_V	1
котёнок_S	1
патиссоновый_A	0
ленфильм_S	0
гадость_S	1
тонкостенный_A	0
твратительный_A	1
1400р_S	0
эпос_S	0
зубный_A	1
патронат_S	0
банан_S	1
массовик_S	1
киайский_S	0
ропшинский_A	0
внимание_S	0
нный_A	1
гаага_S	0
число_S	1
буйабез_S	1
кокос_S	0
бронирование_S	0
инь_S	0
запашок_S	1
предупреждать_V	0
неохота_S	1
неудачница_S	1
сопоставлять_V	0
сравнить_V	1
жаргоный_A	1
обойдваться_V	1
фрагмент_S	0
подходить_V	0
распривлекательный_A	0
биржевой_A	0
жемчужина_S	0
лгать_V	1
приатнокоо_S	0
прид_S	1
безалкоголь_S	1
обожай_S	1
раскидывание_S	0
отдохновение_S	0
капризный_A	1
нежность_S	0
котлетобутерброд_S	1
слеза_S	1
честь_S	1
зигзагообразный_A	0
солистк_S	0
харчо_S	1
журеть_V	1
эндермология_S	0
отдвть_V	0
заказик_S	1
безвкусность_S	1
офсайть_V	0
капсалон_S	0
пустяк_S	1
6тысяча_S	0
уследить_V	1
поистечение_S	0
ы_S	0
прогнить_V	1
вкусняшка_S	1
огромнейнуть_V	0
тельятелли_S	0
самогоночка_S	1
избрать_V	0
поддончик_S	1
пепси_S	1
шкварчаший_A	1
модем_S	0
неурочный_A	1
несчатный_A	1
мужчина_S	0
несъеденный_A	1
перекус_S	1
восхищывать_V	0
промариноветь_V	1
прожареный_A	1
другой_A	0
развернуть_V	0
нелепый_A	1
почаёвничать_V	1
трюфля_S	1
никотиновый_A	1
сраный_A	1
бронируя_S	0
рваненький_A	1
варенёчек_S	1
следопыт_S	0
продолжать_V	0
раздавить_V	1
розария_S	0
целия_S	0
умбрийский_A	0
190рубль_S	0
эгоист_S	1
образумить_V	0
вестерн_S	0
дизайнерский_A	0
подагра_S	1
говяжка_S	1
негодяя_S	1
оладышка_S	1
сать_V	1
матадор_S	0
пережареный_A	1
недосолить_V	1
хный_A	1
огурчик_S	1
мокнуть_V	1
синхронный_A	0
проварёный_A	1
голодень_S	1
гавань_S	0
читать_V	0
шлэф_S	0
индивие_S	0
непохороший_A	1
беларусь_S	0
небрежение_S	1
шурпа_S	1
полбутылка_S	1
ухудшать_V	1
бисквитный_A	1
недостреленный_A	1
скрыть_V	0
горооооооооховый_A	1
капризничать_V	1
гнуться_V	1
спутник_S	0
шествование_S	0
обжаристый_A	1
образовать_V	0
озвучка_S	0
узбекистанский_A	0
кусать_V	1
хитпарад_S	0
худелый_A	1
планирование_S	0
тянучка_S	1
жёлудь_S	1
креветковый_A	1
выпекаться_V	1
фотосъемкин_S	0
гнать_V	0
некондиция_S	1
проза_S	1
нехилый_A	1
завариться_V	1
обычность_S	0
стемиться_V	0
юз_S	0
интеллигентный_A	0
тематический_A	0
теоретический_A	0
казаться_V	1
недоготовить_V	1
дежистив_S	0
кипятиться_V	1
скулить_V	1
питие_S	1
возмоность_S	0
стакан_S	1
проваливать_V	1
нашли_эть_V	1
телятина_S	1
партообразный_A	0
пломба_S	1
тяниться_V	1
зарегистрироваться_V	0
бороться_V	1
развариваться_V	1
рекреация_S	0
куснуть_V	1
ценогий_A	0
ласка_S	0
недоварить_V	1
мямлить_V	1
монтепульчать_V	0
читывать_V	0
некачественнать_V	1
сигарчуль_S	1
вплан_S	0
подлинный_A	0
кед_S	1
гринпис_S	0
пхалеуля_S	0
мельпомена_S	0
склоняй_S	0
опохмелиться_V	1
чурка_S	1
разбазаривать_V	1
оттеняють_V	0
благоухать_V	0
помидоринка_S	1
посол_S	1
разварить_V	1
завариваться_V	1
недочёт_S	1
замечетельный_A	0
севрюга_S	1
гасконский_A	0
великовозрастный_A	0
ревматизм_S	1
норма_S	1
стразин_S	0
обжора_S	1
недозваться_V	1
наивкуснейша_S	1
неподъёмный_A	1
тайна_S	0
аляска_S	0
оладья_S	1
нонкий_S	1
непосредественный_A	0
гринфилнд_S	0
умолкать_V	0
соевообразный_A	0
здать_V	0
260р_S	0
овощный_A	1
винить_V	1
соответстовать_V	0
гарден_S	0
фестиваль_S	0
подмариновать_V	1
несвежий_A	1
межеумок_S	1
яблочный_A	1
визит_S	0
умерший_S	0
140р_S	0
879р_S	0
теснейша_S	0
неперемайонезенный_A	1
русскоговорить_V	0
экскаватор_S	0
взаимосвязывать_V	0
живописец_S	0
проглот_S	1
год_S	1
майонезный_A	1
подъесть_V	0
вкуснямб_S	1
морщиться_V	1
жизнеутверждающий_A	0
тип_S	0
безнадёга_S	1
разводиловый_A	1
беда_S	1
бархатный_A	0
тряпочный_A	1
соболезнование_S	0
изумруд_S	0
совковый_A	1
вписить_V	0
мальцевский_A	0
полусыр_S	1
цезарь_S	0
невыносимый_A	1
сиротинушка_S	1
заваривай_S	1
обошться_V	1
допгарнир_S	1
ознаменоваться_V	0
закусон_S	1
дождиться_V	1
порубленый_A	1
вневедомственный_A	0
открытие_S	0
банальщина_S	1
компакт_S	0
обивка_S	1
прашать_V	1
исследователь_S	0
отсыреть_V	1
ученический_A	0
синтетический_A	0
ничтожный_A	1
спешиал_S	0
недоварный_A	1
бесшумный_A	0
наворот_S	0
зап_S	1
непомень_S	1
бочкарев_S	1
налёт_S	1
описовать_V	0
фидбка_S	0
объёмистый_A	0
шкварчить_V	1
немногоговорящий_A	0
мнить_V	0
дефилируть_S	0
апселлинг_S	0
облачение_S	0
бояться_V	0
печться_V	1
красота_S	0
балдахин_S	0
бирлайна_S	0
бухнуть_V	1
яичница_S	1
аудиоряд_S	0
интересный_A	0
жаба_S	1
главный_A	0
какойт_S	0
модификация_S	0
360руга_S	0
заммечательный_A	0
дверь_S	0
отложить_V	0
орегать_S	0
тоня_S	0
видовой_A	0
доедаться_V	1
нечитамый_A	1
изумиться_V	0
ждёть_V	0
размер_S	0
фен_S	0
оплошность_S	1
лимончеть_S	1
малосударственный_A	1
забыть_V	1
нехорошеый_A	1
сей_A	0
шедвр_S	0
хороооонуть_V	1
представиться_V	0
рассольник_S	1
соответствить_V	0
педагогический_A	0
угорелый_A	1
снеток_S	1
надлежать_V	0
обматерить_V	1
непривычка_S	1
двоица_S	0
дача_S	1
нелюбимец_S	1
гринписовец_S	0
поругивать_V	1
палька_S	0
бросать_V	1
заповедный_A	0
аудит_S	0
пойдёть_V	1
неиспорченый_A	1
соустить_V	1
ссср_S	0
ворот_S	0
ругать_V	1
отбирать_V	0
многообещающий_A	0
накуренотец_S	1
ковыряться_V	1
встретить_V	0
достоевский_S	0
хота_S	1
заперчить_V	1
баклажать_V	1
соответствуть_V	0
апельсинчик_S	1
чехол_S	0
лимонaд_S	1
образный_A	0
пилюля_S	1
хайтековский_A	0
вальполичелли_S	0
экспат_S	0
прмечательный_A	0
клецк_S	1
проникться_V	0
заказувать_V	1
открытый_A	0
цюрих_S	0
надуга_S	0
сформировать_V	0
многообещать_V	0
фрескобальдиевский_A	0
замершать_V	0
суперпозиция_S	0
недоесть_V	1
листавать_V	0
хали_S	0
университет_S	0
компламент_S	0
раздеть_V	0
гренадин_S	0
битлз_S	0
непромытый_A	1
алек_S	0
приучить_V	0
сморщиться_V	1
живой_A	0
стака_S	1
забер_S	1
понаваристь_S	1
кабачковый_A	1
разжёвывать_V	1
нахожеть_V	0
адаптационный_A	0
невзрачный_A	1
возвращатьc_S	0
гольфстрим_S	0
цезари_S	0
йосперовский_A	0
зленный_A	1
геологический_A	0
круть_S	0
пленэр_S	0
омерзительнотец_S	1
манящий_A	0
языческий_A	0
мозарелла_S	0
полагать_V	0
макбук_S	0
допзаказ_S	1
пароль_S	0
передовой_A	0
бок_S	0
еврей_S	0
глупость_S	1
халява_S	1
червяк_S	1
фотопринтер_S	0
усесться_V	0
трапезуть_V	0
дизайнерсковать_V	0
орижиналь_S	0
репортаж_S	0
вкуснятина_S	1
противность_S	1
мясоед_S	1
наишикарный_A	0
курящий_A	0
невыносимость_S	1
дряблый_A	1
авансцена_S	0
озарение_S	0
брюхо_S	1
3тысяча_S	0
сцезать_V	1
моно_S	0
грязный_A	1
великолепноеобслуживание_S	0
развариться_V	1
масовыя_S	0
вилы_S	0
лимончик_S	1
чукча_S	0
трепет_S	0
велть_S	0
гатчинский_A	0
немногочисленный_A	0
наценка_S	1
кинза_S	1
составлять_V	0
озарить_V	0
эмма_S	0
увлекательный_A	0
ползаказ_S	1
шесто_S	0
треугольник_S	0
клониться_V	0
злть_S	1
съедобный_A	1
1240р_S	0
протухнуть_V	1
жёлчный_A	1
кронверкский_A	0
красовка_S	0
зелёный_A	1
потравиться_V	1
занюхоный_A	1
щи_S	1
языковой_A	0
выпиский_S	0
лелеять_V	0
право_S	1
горчонок_S	1
стряпня_S	1
заплесневель_S	1
устранить_V	0
ячейкий_S	0
впечатльный_A	0
радугть_V	0
склонный_A	0
атмосвера_S	0
чтотунец_S	1
пересечься_V	0
слизень_S	1
вхождение_S	0
хвотать_S	1
мамка_S	1
эпичный_A	0
обширн_S	0
свинюшка_S	1
вкусить_V	1
мелочный_A	1
промакивать_V	1
сосичч_S	1
вступление_S	0
окрылять_V	0
битловский_A	0
ненмый_A	1
джолгождать_V	0
усмотреть_V	0
сыродел_S	1
отдадимь_S	0
рука_S	1
невнятность_S	1
новогдний_A	0
гармонируть_S	0
вкусняга_S	1
объесть_V	1
злобствовать_V	1
вонючить_V	1
awesomeический_A	0
мороженщик_S	1
невыигрышный_A	1
козявка_S	1
горчичный_A	1
найти_V	1
ранг_S	0
проекционный_A	0
переваривать_V	1
рассадка_S	1
джаггеровский_A	0
незнавать_V	1
нерабочий_A	1
пришлсить_V	1
следно_S	0
постновогодний_A	1
укусить_V	1
поганить_V	1
масл_S	0
апетётя_S	1
сопль_S	1
сивушный_A	1
гастрономический_A	0
гарный_A	1
закажить_V	1
вознестись_V	0
50сть_V	0
непотребный_A	1
интерессный_A	0
сохнуть_V	1
разворотить_V	0
ромео_S	0
ерундеть_V	1
отрыть_V	0
отврата_S	1
организатор_S	0
гагаринский_A	0
избранный_A	0
безмолвный_A	0
фотопортратить_V	0
орлить_V	0
откличный_A	0
марамойничать_V	1
260руга_S	0
замороженый_A	1
импровизировывать_V	0
лучистый_A	0
обрамить_V	0
сеие_S	1
аpмянский_A	0
бестолкувыя_S	1
гратэн_S	0
предание_S	0
жопка_S	1
гунн_S	0
моська_S	1
убеждать_V	0
разозлиться_V	1
шматок_S	1
прелестный_A	0
трансовыя_S	0
взаимосвязь_S	0
обожать_V	0
блюдо_S	1
плошечка_S	1
жарить_V	1
славянский_A	0
деталь_S	0
съедобить_V	1
недовес_S	1
худение_S	0
машка_S	1
модерновый_A	0
откажуть_S	1
съедобть_V	1
буркнуть_V	1
отражаетсять_V	0
юбольша_S	0
подсветить_V	0
перекусывать_V	1
хамст_S	1
паэль_S	0
ништяк_S	1
строить_V	0
круглый_A	0
вместить_V	0
тесто_S	1
граммовка_S	1
направление_S	0
пропадёть_V	1
разморозка_S	1
зливыя_S	1
конфетом_S	1
вышеописать_V	0
пинский_A	0
прааативный_A	0
кантучч_S	0
паркуй_S	0
сударь_S	1
совершенствование_S	0
выпендриться_V	1
глупить_V	1
типоразмер_S	0
кухн_S	0
итальянский_A	0
невыразительный_A	0
нюрнбегский_A	0
романский_A	0
расписить_V	0
сухарик_S	1
бульоный_A	1
эрудированный_A	0
наварчик_S	1
жать_V	1
графичный_A	0
адамант_S	0
сподвиг_S	0
борщец_S	1
заневский_S	0
максимум_S	0
килька_S	0
отмазка_S	1
корпускула_S	0
обида_S	1
налим_S	1
угарный_A	1
паб_S	1
альтхаусовский_A	0
чёткий_A	0
подробность_S	0
пьянствовать_V	1
томатный_A	0
комарик_S	1
заморочиться_V	1
нехорошбыть_V	1
стакать_V	1
недождаться_V	1
удлинённый_A	0
окромитя_S	1
замечателить_V	0
наваристый_A	1
чудеснейшать_V	0
фуагар_S	0
вини_S	1
стругать_V	1
беситься_V	1
павесть_S	0
прогоркль_S	1
вымакать_V	1
оживление_S	0
подитоживать_V	0
сближать_V	0
представительница_S	0
пидэ_S	1
рассольный_A	1
наживный_A	1
зазеваться_V	1
городишко_S	1
разверзться_V	0
множественный_A	0
разочарвоать_V	1
невычурный_A	1
храниний_A	0
едый_A	1
виж_S	0
вихра_S	0
рихтер_S	0
дерьмовый_A	1
шатровский_A	0
дать_V	1
поцедить_V	1
подлотец_S	1
выжать_V	1
склониться_V	0
кофе_S	1
значимость_S	0
закусончик_S	1
живться_V	0
чеснка_S	1
кажвать_V	1
сварять_S	1
подчёркнуть_V	0
куба_S	0
отключать_V	1
нонч_S	1
эстэтический_A	0
потрезвонить_V	1
опохметить_V	1
булочный_A	1
довесок_S	1
приветливейнуть_V	0
изжога_S	1
привлекательный_A	0
амазонка_S	0
гавьядьин_S	0
эксгай_S	0
душонка_S	1
отдха_S	0
ёлочный_A	1
цикламен_S	0
ноод_S	0
невусный_A	1
дарберри_S	0
квашёнка_S	1
соусеять_V	1
любовный_A	0
сдохнуть_V	1
нажраться_V	1
маркиз_S	0
куртизанка_S	0
соломон_S	0
роспись_S	0
обфоршмачить_V	1
востребование_S	0
неизменный_A	0
отшутиться_V	1
клюквать_V	1
шмат_S	1
путешествуй_S	0
скрывать_V	0
фламанский_A	0
особть_V	0
недоклиент_S	1
подытоживать_V	0
шпротный_A	1
папить_V	1
хон_S	0
идить_V	1
доступ_S	0
выкигать_S	1
фоторобот_S	0
купол_S	0
байкерский_A	0
ристретто_A	0
подробнейнуть_V	0
салс_S	1
шоколад_S	1
проь_S	1
вседа_S	0
вонючо_S	1
изливаться_V	0
мизерный_A	1
рукотворный_A	0
открокелюренный_A	0
неуместный_A	1
подошедш_S	0
жирк_S	1
тетрадный_A	0
символика_S	0
кафть_V	1
свинсок_S	1
испытавать_V	0
планируя_S	0
понтичелло_S	0
мочевина_S	1
330р_S	0
грязнвить_V	1
отвественность_S	0
нянька_S	1
карагандинский_A	0
сырый_A	1
трусливый_A	1
гадить_V	1
содиться_V	1
гнилый_A	1
кукуруза_S	1
недоливыя_S	1
сожр_S	1
буй_S	1
досолить_V	1
разрешение_S	0
пальмообразный_A	0
глубокий_A	0
бардолин_A	0
дизайн_S	0
доедывать_V	1
раскатакать_V	0
недолюбливать_V	1
дешёвка_S	1
190реть_V	0
сосредоточие_S	0
баклажанчик_S	1
прима_S	1
всухомятка_S	1
картошечка_S	1
клубника_S	1
ростр_S	0
прослеживать_V	0
пресновать_V	1
вдохновление_S	0
южноевропейский_A	0
фуршет_S	0
подсластить_V	1
повествуть_V	0
капулетти_S	0
нелюбимый_A	1
цепеллина_S	0
подучить_V	1
жаловаться_V	1
мартеновский_A	0
кабачок_S	1
несерьёзный_A	1
стойт_S	1
трансформируться_V	0
анжуйский_A	0
буржуй_S	1
ликование_S	0
стенный_A	0
барыг_S	1
хренотень_S	1
адский_A	0
узучение_S	0
изящность_S	0
птифур_S	0
писаховск_S	0
образовывать_V	0
посвящёный_A	0
кашеобразный_A	0
святыня_S	0
медиумный_A	0
годный_A	1
девичий_A	0
пленница_S	0
двухсантиметровый_A	0
возвышение_S	0
неладный_A	1
съёмочный_A	0
новинка_S	0
министерска_S	0
кишка_S	1
спамер_S	0
несъдобный_A	1
прилагать_V	0
незаварившться_V	1
тальятта_S	0
определисиь_S	0
ланчевыя_S	0
сухарэя_S	1
открываюшийся_A	0
загрязнить_V	1
разминочный_A	0
вод_S	1
красотка_S	0
обслуживан_S	0
удавить_V	1
восхитить_V	0
сгущёный_A	1
открысть_S	0
фахитос_S	0
блеский_S	0
закваска_S	1
нацедить_V	1
невежество_S	1
пек_S	1
фотокамера_S	0
универсамовский_A	0
моить_V	1
редкохороший_A	1
пеп_S	1
наиофигенный_A	0
бывалый_A	0
тальятелть_S	0
наводка_S	0
лососик_S	1
пропить_V	1
сайка_S	1
неплха_S	1
демократический_A	0
буквосочетание_S	0
обкурить_V	1
огромный_A	0
новелла_S	0
аппетить_V	1
расплатиться_V	1
партнёр_S	0
придуться_V	1
кеннийский_A	0
недокручный_A	1
разбавленность_S	1
ньокетть_V	0
биография_S	0
дыхнуть_V	1
собор_S	0
отодвина_S	1
состоятельность_S	0
основополагать_V	0
промолвить_V	1
зарождаться_V	0
сосиськ_S	1
хрустальный_A	0
омерзителить_V	1
вкручить_V	0
недоразмороженность_S	1
упоение_S	0
отравиться_V	1
пахлава_S	1
тысяча_A	0
кругляшка_S	1
приближать_V	0
калинарний_A	0
бегов_S	0
водрузить_V	0
согласование_S	0
свеча_S	0
холодненькоготец_S	1
вывеский_A	0
данна_S	0
неплохой_A	1
отвратителный_A	1
жаловать_V	1
вжеваться_V	0
купончик_S	1
психоделический_A	0
нить_S	1
ближний_A	0
пискарёвский_A	0
доесть_V	1
обслуживающий_A	0
доперчить_V	1
тематика_S	0
отварь_S	1
подслащеть_V	1
запекаться_V	1
гнильё_S	1
ненормальный_A	1
чёрный_S	0
закусоть_V	1
сэлмона_S	0
вяленый_A	1
строгановска_S	0
00чий_S	0
сторонний_A	0
пошлый_A	1
одновремитя_S	0
фогга_S	0
едать_V	1
рыцарский_A	0
особукий_S	0
новгородский_A	0
памятный_A	0
лоно_S	0
недоволство_S	1
сыровяленый_A	1
минетрон_S	0
обновленый_A	0
интерпретация_S	0
зарэжуть_S	1
дюна_S	0
забояться_V	1
вымутить_V	1
бррррррра_S	1
мохит_S	0
возложить_V	0
плесневелый_A	1
благодать_S	0
лаж_S	1
вермишелёк_S	1
недоветочка_S	1
кивыя_S	0
сишко_S	1
неприбранный_A	1
просёлочный_A	1
злость_S	1
арлекин_S	0
подкисать_V	1
тумба_S	0
загадочность_S	0
таврический_A	0
ахтунг_S	1
парфе_S	0
неактульный_A	1
частность_S	0
пирожечка_S	1
соя_S	0
откуснуть_V	1
мао_S	0
недосчитаться_V	1
пища_S	1
ошипк_S	1
иранский_A	0
изложение_S	0
выкусить_V	1
устанавливать_V	0
картофля_S	1
дутть_V	0
одить_V	1
приветстветь_V	0
местонахождение_S	0
могучий_A	0
бесять_S	1
изумлённый_A	0
эллипсоидный_A	0
паркуть_V	0
вычисление_S	0
весп_S	0
изумлять_V	0
древний_A	0
неоставль_S	1
приь_S	1
курево_S	1
осмысление_S	0
юбка_S	0
пережжить_V	1
запечатление_S	0
недосол_S	1
продавать_V	1
умысло_S	1
сырыетраница_S	1
фотографирование_S	0
восторг_S	0
экспертиза_S	0
поедия_S	1
двигаться_V	0
откликнуться_V	0
вспоминать_V	0
морсый_A	1
выручиль_S	0
прослушать_V	0
искание_S	0
закоулок_S	0
фигонь_S	1
шкворчать_V	1
оригинальность_S	0
вообразить_V	0
баста_S	1
отпечататься_V	0
обслуживанить_V	0
голод_S	1
флорентийский_A	0
отворить_V	1
пережжёный_A	1
делегация_S	0
мёрзнуть_V	1
сукиный_A	1
мясной_A	1
неро_S	1
нарядненький_A	1
оплошать_V	1
сыть_S	1
этсетереть_V	0
покататься_V	0
хорошоооо_S	1
ненааать_V	1
корпорация_S	0
калльмара_S	0
актёрский_A	0
разгореть_V	0
следование_S	0
элла_S	0
погода_S	1
милосский_A	0
мысль_S	0
скушноватый_A	1
саманта_S	0
путеводитель_S	0
фанк_S	1
недурственный_A	0
кофитюр_S	1
маловатый_A	1
шинок_S	0
хам_S	0
модерировать_V	0
эвянин_S	0
представить_V	0
укуреный_A	1
безвкусный_A	1
неразрезанный_S	1
обычый_A	1
неодин_A	1
неудобоваримый_A	1
сопутствовать_V	0
рикламый_A	0
куратор_S	0
смотрящть_V	0
жиренький_A	1
впитывать_V	0
песенный_A	0
займиться_V	1
закусь_S	1
коврижка_S	1
ошмёток_S	1
концер_S	0
вишенка_S	1
снегурка_S	0
красочность_S	0
мужский_S	0
гектодар_S	1
отмечать_V	0
фирсова_S	0
разворот_S	0
витой_A	0
возвышать_V	0
зодчество_S	0
наваристь_S	1
неситбыть_V	1
устаивать_V	0
гниль_S	1
мановение_S	0
потайной_A	0
придупредить_V	1
припёка_S	1
попловин_S	1
попробовоть_V	1
выяснить_V	0
рвотный_A	1
сёмга_S	1
квасик_S	1
фахит_S	0
шпик_S	1
необрезанный_A	1
юбиляр_S	0
хрень_S	1
десяток_S	0
моться_V	1
1100рубый_A	0
харчий_S	1
неповторимый_A	0
таракан_S	1
лопухнуться_V	1
поскорый_A	1
моцареллин_S	0
сменный_A	0
предзаказ_S	1
обрамлять_V	0
гибкий_A	0
привлечение_S	0
нарвуться_V	1
бечь_V	1
панорамный_A	0
горшоккий_A	1
маячевша_S	0
сердиться_V	1
некогд_S	0
архиважный_A	0
честной_A	1
зонируть_S	0
вэлка_S	0
стаканчик_S	1
жуков_S	0
пастернак_S	0
60руга_S	0
расшифровывывать_V	0
нарезка_S	1
халва_S	1
124руга_S	0
некомильфо_A	1
юроп_S	1
убьть_V	1
тормашка_S	0
противогаз_S	1
готовля_S	1
огуречка_S	1
корофка_S	1
вкуснейшный_A	1
любль_S	1
тост_S	1
послевкусимия_S	1
некрепкий_A	1
выдвигаться_V	0
обман_S	1
ответсвенный_A	0
увязнуть_V	0
хурма_S	1
закусывать_V	1
хузкий_A	1
изгадить_V	1
курица_S	1
чай_S	1
рзать_V	1
досада_S	1
идея_S	0
кислый_A	1
парад_S	0
контенер_S	0
шеф_S	1
потерпий_S	1
май_S	1
судак_S	1
кондёр_S	0
стоявщать_V	0
интерерьер_S	0
прияна_S	1
знавать_V	1
знаменовать_V	0
златоглавый_A	0
инкерманновский_A	0
благословение_S	0
пицерий_S	1
многопозиционный_A	0
копеечный_A	1
скисать_V	1
выдающийся_A	0
мутота_S	1
воссоздать_V	0
системообразуть_V	0
беспомощный_A	1
фотогеничный_A	0
метан_S	1
отделять_V	0
недоработать_V	1
таинственность_S	0
отдаваться_V	0
востоpг_S	0
курпач_S	1
сестринский_A	0
стыд_S	1
контактовский_A	0
тухляшный_A	1
измайловский_A	0
европейский_A	0
неразбавленный_A	1
потрошок_S	1
одобро_S	0
пробасить_V	1
кипеть_V	1
исакиевский_A	0
паттерн_S	0
паскудный_A	1
придеруться_V	0
привлекатеить_V	0
виндсерферский_A	0
шалыко_S	1
опешить_V	0
сунуться_V	1
пеллегрино_S	0
прибавка_S	1
цикломеновой_A	0
шпротина_S	1
половить_V	0
фастфуд_S	1
исправляться_V	1
подистереться_V	0
поистрепаться_V	0
башкий_S	0
байкеровский_A	0
заберть_S	1
многий_A	0
овация_S	0
выучка_S	1
пъянеть_V	1
чаудёр_S	0
непроварёный_A	1
оповещать_V	0
гармоничн_S	0
вошеднуть_V	0
мятый_A	1
проникновение_S	0
провиниться_V	1
противться_V	1
всевозможный_A	0
вылакать_V	1
неэтичный_A	1
безалкаголь_S	1
атомосфера_S	0
ломоносовощанин_S	0
переварёный_A	1
проголодавшиться_V	1
воровство_S	1
смешноотреть_V	1
притруться_V	1
полчашка_S	1
интердевока_S	0
2шть_S	0
жечь_V	0
обсуживать_V	0
артиллерийский_A	0
безешка_S	1
наияркий_A	0
расстроеть_V	1
явялться_V	1
сибас_S	0
корсиканский_A	0
серфинговать_V	0
приветствить_V	0
судьбоносный_A	0
упругий_A	0
делюкс_S	0
перосонал_S	1
полбеда_S	1
долженствовать_V	0
ребятка_S	1
рядовой_A	1
съедать_V	1
коморка_S	1
русь_S	0
достопримечательность_S	0
тальятелли_S	0
отрабатывать_V	1
заменчание_S	0
гостев_S	0
спецпредложение_S	0
инфляция_S	1
дырявочко_S	1
барашек_S	1
чувствование_S	0
штюк_S	0
прихватить_V	1
подлечиться_V	1
жрать_V	1
банальный_A	1
тссссссс_S	1
клоша_S	1
пpидавать_V	0
салянка_S	1
посещывать_V	0
капустный_A	1
хорошооый_A	1
покушаться_V	1
брехня_S	1
неленивый_A	1
метр_S	0
эпичность_S	0
непроходимый_A	1
обрисовать_V	0
соус_S	1
биш_S	0
сан_S	0
шутка_S	1
шкворчить_V	1
раритетный_A	0
хреновуха_S	1
сосис_S	1
грация_S	0
замечатльный_A	0
недокричаться_V	1
дальнейший_A	0
оживиться_V	0
исчерпывавать_V	0
адели_S	0
сморчк_S	1
кисляк_S	1
видеоряд_S	0
чинахи_S	0
аламар_S	0
вениис_S	0
натереть_V	1
елеть_V	0
нешоколадный_A	1
рол_S	0
преподавательский_A	0
недомариноваться_V	1
символический_A	0
видеть_V	0
вкуснота_S	1
соответсвуюший_S	0
побаловаться_V	1
сканирование_S	0
стухнуть_V	1
твердать_V	0
разъяснение_S	0
чайка_S	1
недопить_V	1
светлый_A	0
невосполнимый_A	1
объединять_V	0
мальтийский_A	0
лебединый_A	0
интеремсный_A	0
плотва_S	1
хлеборез_S	1
обрамльный_A	0
оглавление_S	0
заведеий_A	1
недокорчм_S	1
инкогнит_S	0
неубоюный_A	1
заморочка_S	1
тушиться_V	0
чура_S	1
макайт_S	0
подливка_S	1
ляповатый_A	1
самоопределиться_V	0
выплёвывать_V	1
пайка_S	1
умение_S	0
ютуба_S	0
прогрызать_V	1
пряник_S	1
иришка_S	1
объект_S	0
скудненький_A	1
рокный_A	0
поп_S	1
кассероль_S	1
вектор_S	0
разместиться_V	0
нечистый_A	1
заболеть_V	1
дерзновение_S	0
отыскаться_V	0
ключ_S	0
евробуклет_S	0
сазаться_V	1
надоедливый_A	1
сардиниа_S	0
мальский_S	0
многогранный_A	0
раскрытие_S	0
тухлый_A	1
кроненбург_S	0
ценньга_S	0
роднить_V	0
романтический_A	0
шоповский_A	0
злить_V	1
свинина_S	1
неповадный_A	1
суфле_S	1
монументальность_S	0
экскурсовод_S	0
унюхать_V	1
нереальный_A	1
бест_S	1
хреновина_S	1
телесюжет_S	0
открыться_V	0
закусить_V	1
свининка_S	1
сожрать_V	1
впечатлить_V	0
ролл_S	0
зонирование_S	0
наливка_S	1
фукач_S	1
прогнать_V	1
кафешка_S	1
нажарить_V	1
какао_S	1
веллингтон_S	0
дить_V	0
воссоздание_S	0
омерзительный_A	1
занудство_S	1
огнедышать_V	0
поварёнок_S	1
колонный_A	0
конфета_S	1
берлускони_S	0
транслировать_V	0
выдерать_S	1
водружить_V	0
конфвать_V	1
говореть_V	1
морковка_S	1
личность_S	0
атлантический_A	0
монша_S	0
лентяйка_S	1
зачаровать_V	0
обидный_A	1
великолукский_A	0
мужеский_A	0
фидбэк_S	0
разверсть_S	0
гинза_S	1
подлянка_S	1
опаздывать_V	1
прекусить_V	1
обидеться_V	1
пьяница_S	1
пропитка_S	1
гордский_S	0
пиньинь_S	0
внушительный_A	0
разварный_A	1
вота_S	1
нефотогеничный_A	0
идти_V	1
окея_S	1
припущить_V	1
паркуться_V	0
недосып_S	1
засорить_V	1
пуансеттие_S	0
сукавати_S	0
убиеть_V	0
речка_S	0
некрасовский_A	0
умилянуть_V	0
мистический_A	0
десятилетний_A	0
налягать_V	1
соответствие_S	0
мытый_A	1
мнут_S	1
картиночный_A	0
недоехать_V	1
отзвук_S	0
скверный_A	1
релаксационный_A	0
впечатляться_V	0
картофелька_S	1
невежливый_A	1
неготовый_A	1
печёный_A	1
цикл_S	0
проджект_S	0
позиционный_A	0
огонь_S	1
попиз_S	1
покааа_S	0
одвухсотграммившийся_A	0
бесполезнотец_S	1
подвижный_A	0
заказывать_V	1
соединительный_A	0
молодецкий_A	0
фото_S	0
рис_S	1
лумумба_S	0
минусовка_S	1
непальский_A	0
простыть_V	1
интнрьер_S	0
сивуха_S	1
болгарский_A	0
заняться_V	1
кукухня_S	1
встречать_V	0
банать_V	1
сытый_A	1
спиртный_A	1
заказазать_V	1
летний_A	0
незабываемый_A	1
сырра_S	1
молодый_A	0
обозначить_V	0
гречневый_A	1
недочеловек_S	1
абра_S	0
басурманин_S	1
падаль_S	1
чтить_V	0
пересечение_S	0
благодарностьт_S	0
обкусывать_V	1
философский_A	0
мягкий_A	0
соответствовать_V	0
впечатление_S	0
славский_A	0
кунзать_V	1
новооткрывшийся_A	0
скачкообразный_A	0
проникнуться_V	0
бестактный_A	1
понятийный_A	0
паровой_A	0
раздражить_V	1
розмаринчик_S	1
кидо_S	0
преобразование_S	0
портвейный_A	1
бархат_S	0
сайть_V	0
вкрапление_S	0
исчерпывающать_V	0
англоговорящий_A	0
хорония_S	0
патриотический_A	0
куриец_S	1
вахта_S	0
величественный_A	0
кусочек_S	0
анть_V	0
кашевар_S	1
быдлогоп_S	1
кефир_S	1
хлеб_S	1
возглавить_V	0
печурка_S	1
недопятница_S	1
приветлев_S	0
сардина_S	0
радость_S	0
2штука_S	0
самогоноварение_S	1
нежный_A	0
дровишки_S	1
хоруга_S	0
отликать_V	1
очаровательность_S	0
дрызг_S	1
овать_V	1
модерн_S	0
расцветочек_S	0
некапризный_A	1
подпирание_S	0
огорчиться_V	1
паккерь_S	0
озавышить_V	0
подсолить_V	1
подесертничать_V	1
пиршество_S	0
неглизкий_S	1
десертный_A	1
дрыгаться_V	1
обжриться_V	1
горожанин_S	1
приходь_S	1
моча_S	1
закаечь_V	1
бизнес_S	0
налопаться_V	1
стройность_S	0
гея_S	0
громкоговорить_V	0
некультурность_S	1
негодия_S	1
свежеоткрытый_A	0
подростать_V	0
ничео_S	1
дискутировать_V	0
рассмотреть_V	0
карло_S	0
сыровать_V	1
малийский_A	1
древнескандинавский_A	0
непойть_V	1
жизнеутверждать_V	0
приспичать_V	1
топ_S	0
раскрасить_V	0
завершить_V	0
восседать_V	0
обмазать_V	1
зарплата_S	1
умолчальный_A	0
присутствуть_V	0
эрть_S	0
недосягаемый_A	1
непрошитый_A	1
несносный_A	1
спроститься_V	1
фараон_S	0
сверхвысокий_A	0
майонезник_S	1
дешевяк_S	1
восторгаться_V	0
потрошка_S	1
храень_S	0
вышеднуть_V	0
живыя_S	0
гробница_S	0
160руга_S	0
мечать_V	0
многозерновый_A	0
буквыя_S	0
брынза_S	1
поесть_S	1
кишочко_S	1
мельчить_V	1
неработающий_A	1
заморачиваться_V	1
выслушивать_V	0
акссесуар_S	0
нецензурный_A	0
тинский_S	0
еазывать_V	0
объёмный_A	0
цуккиня_S	0
мзда_S	1
зажаристый_A	1
110руга_S	0
десятилётный_A	0
неиспорчный_A	1
символизировать_V	0
разнообращзный_A	0
стекать_V	0
интимный_A	0
харчовой_S	1
рюмка_S	1
цыплёнок_S	1
восседа_S	0
обнулять_V	1
девзира_S	0
чёрствый_A	1
ламерский_A	0
коммуникативный_A	0
вобч_S	1
трапёзый_A	0
основополагающий_A	0
периодический_A	0
искуссный_A	0
объедаться_V	1
пиногриджо_S	0
конструктивный_A	0
песнопение_S	0
сдобный_A	1
похабить_V	1
целеустремлённый_A	0
вкусняшечка_S	1
сгноить_V	1
безалкогольый_A	1
примерный_A	0
токай_S	0
широкополый_A	0
поза_S	0
тиснение_S	0
прожечь_V	1
капуста_S	1
силёнка_S	1
дурацкий_A	0
нать_V	1
вмещать_V	0
внимательнымия_S	0
vipoвыя_S	1
непростой_A	1
светить_V	0
пьянчуга_S	1
стерва_S	1
восхитительный_A	0
отбивнать_V	1
панчетта_S	0
полапать_V	1
блевотина_S	1
нашекрымовский_A	0
яблоко_S	1
палас_S	0
усыпать_V	0
расшифровка_S	0
толчёный_A	1
прогорклый_A	1
вкуснатища_S	1
перфектный_A	0
помидорчик_S	1
интеоьер_S	0
желудок_S	1
паэлье_S	0
установщик_S	0
позвать_V	1
развернуться_V	0
многоуровневый_A	0
односторонний_A	0
мыслия_S	0
проглотить_V	1
неспокойный_A	1
хамспый_A	1
невыполненный_A	1
проспкт_S	1
нечисть_S	1
отдать_V	0
увенчаться_V	0
кушаней_S	1
катлет_S	0
стремление_S	0
этнографический_A	0
намечаться_V	0
крошиться_V	1
серенева_S	1
малопьющий_A	1
буддийский_A	0
ягермейстрер_S	0
потеть_V	1
диминуэндо_A	0
съесть_V	1
снежность_S	0
жестый_A	1
явиииииться_V	0
засидеться_V	1
попачкать_V	1
выселок_S	1
сиропный_A	1
интеллегентный_A	0
ореганский_A	0
невозмутимый_A	0
углублить_V	0
героеть_V	0
прхладненький_A	1
неуютность_S	1
похмеляться_V	1
очерчивать_V	0
керамический_A	0
ориетироваться_V	1
приветствие_S	0
дизайнерск_S	0
раскрыться_V	0
недомашний_A	1
клубничий_A	1
плюнут_S	1
поблажка_S	1
плясать_V	1
умопомрачительный_A	0
окрылёть_V	0
хнать_V	1
обозрение_S	0
раздать_V	0
дельфин_S	0
промзона_S	1
деушко_S	1
мувитон_S	0
изгиб_S	0
ветор_S	0
связаться_V	0
чурчхель_S	1
ненакуреный_A	1
шашлык_S	1
обмазывать_V	1
сырник_S	1
бесстрастный_A	0
горчать_V	1
притерпеть_V	1
возврат_S	0
безнадёжный_A	1
соскрьба_S	1
чучелишек_S	1
хингаль_S	0
неважный_A	1
усвинячиться_V	1
краска_S	0
вкусноготец_S	1
мокрица_S	1
соразмерный_A	0
ризотти_S	0
запивон_S	1
встреча_S	0
штруделеподобный_A	0
хряпнуть_V	1
восхищавать_V	0
неиспробованный_A	1
гендерный_A	0
альпинист_S	0
кисломолочко_S	1
преобразовываться_V	0
маркуйя_S	0
изложить_V	0
карбонар_S	0
разморозить_V	1
призадуматься_V	1
нескончаемый_A	0
послевкусие_S	1
комплемент_S	0
корона_S	0
внимательный_A	0
винил_S	1
сбавить_V	1
икеевский_A	0
взвар_S	1
суперуникальный_A	0
соответсвовать_V	0
пирог_S	1
вкусный_A	1
закономерность_S	0
служитель_S	0
шашлый_A	1
бошка_S	1
ошибка_S	1
растопить_V	1
панормау_S	0
халатный_A	1
рожон_S	1
добавлоть_V	1
весна_S	1
сморчковый_A	1
допрожаривать_V	1
лирический_A	0
аутенчиный_A	0
кристальный_A	0
табак_S	1
разумение_S	0
сельдерев_S	1
юрмальский_A	0
грустить_V	1
анген_S	0
резаный_A	0
лаудес_S	0
съестный_A	1
слабовить_V	1
монарший_A	0
красивый_A	0
великолепие_S	0
фуд_S	1
новорусский_A	0
наптковы_S	1
наливаться_V	1
раздражительнопротивный_A	1
поразительный_A	0
обмакнуть_V	1
расстроесть_V	1
садиться_V	1
плавный_A	0
марриотт_S	0
920р_S	1
загорелый_A	0
вороватый_A	1
ячейка_S	0
свечечка_S	0
конртоль_S	0
дурость_S	1
испорченый_A	1
упасть_V	0
эскарго_S	0
нонешний_A	1
поедатель_S	1
непрожорливый_A	1
промитя_S	1
недобор_S	1
всёб_S	1
судить_V	1
неиспорченный_A	1
пораскинуть_V	0
изумлеть_V	0
спить_V	1
ханжать_V	1
лапка_S	1
мошенничать_V	1
красивость_S	0
жинка_S	0
пространство_S	0
ограничиться_V	0
колбасончик_S	1
совершение_S	0
кулебяка_S	1
циклопический_A	0
ланч_S	0
копчик_S	1
самурай_S	0
продажа_S	1
турыст_S	1
постный_A	1
морошка_S	1
пищепотребление_S	1
поговорить_V	1
мерзковатенький_A	1
сальсичч_S	1
сравнительный_A	0
утка_S	1
генплан_S	0
отварчик_S	1
богатырский_A	0
свая_S	0
краса_S	0
приправлять_V	1
хемингуэй_S	1
тоскатя_S	1
сетитлеть_V	0
похмелиться_V	1
скандинавский_A	0
десерть_S	1
мрачненький_A	1
долгожитель_S	0
семифредо_S	0
шатр_S	0
сок_S	1
бурлить_V	0
маккаллумза_S	0
несваться_V	1
русский_A	0
пипть_V	1
раздразить_V	1
вознести_V	0
гроллевский_A	0
нехочться_V	1
cказать_V	1
говаривать_V	1
поедать_V	1
пара_S	0
ненаедаться_V	1
погрызть_V	1
фейерверк_S	0
злия_S	1
кушать_V	1
превкуснеть_V	1
давать_V	1
буглама_S	0
свинулькиный_A	1
сочетаня_S	0
прогуглить_V	1
гаденький_A	1
наивкусненуть_V	1
присыпать_V	1
присмотриться_V	1
водросль_S	0
ребёнок_S	1
святой_A	0
вычислительный_A	0
экспозиция_S	0
зима_S	0
свинятина_S	1
невский_A	0
научный_A	0
беться_V	1
подвижнный_A	0
аньолотть_V	0
подгнивать_V	1
композитор_S	0
прикачить_V	1
малипуська_S	1
прожуркивать_V	1
невольный_A	1
сосиська_S	1
заедить_V	1
слушатель_S	0
прогорклость_S	1
чаровать_V	0
координальный_A	0
огругление_S	0
рыпка_S	1
композиция_S	0
немясоед_S	1
недотянуть_V	1
тинькофский_A	0
мах_S	1
пулгод_S	0
ухать_V	0
пытливый_A	0
абсурд_S	1
открыватель_S	0
наедать_V	1
буква_S	0
четырехлетний_A	0
поражающитть_V	0
коломенский_A	0
чудо_S	0
колада_S	1
иконый_A	0
соответственный_A	0
рыцарь_S	0
янтык_S	0
встрять_V	0
елть_S	0
контрапункт_S	0
живой_S	0
неумех_S	1
вдохновить_V	0
бутербродный_A	1
кипяток_S	1
царь_S	0
декоративный_A	0
небо_S	1
гипнотизируть_S	0
убавить_V	1
соотнбыть_V	0
неработа_S	1
аппетать_S	1
завезить_V	1
переужиновать_V	1
мятота_S	1
мохитовый_A	0
бессливочный_A	1
воровать_V	1
локаничный_A	0
сулугуни_S	1
сулугуень_S	1
вышеизложеть_V	0
позируть_S	0
почёт_S	0
паршивость_S	1
лава_S	0
пространный_A	0
мыть_V	1
неудодный_A	1
бутерброд_S	1
зажраться_V	1
разачаровать_V	0
протухшый_A	1
рибай_S	0
бальзамический_A	0
огурцоф_S	1
149р_S	0
пойти_V	1
бульонный_A	1
куец_S	1
свегия_S	0
сидеться_V	1
изливыя_S	0
всесезонный_A	0
мыло_S	1
постыдный_A	1
кожура_S	1
устать_V	0
сорокалетие_S	0
зашедш_S	0
фурштадский_A	0
октоберфест_S	0
архитектура_S	0
дожевать_V	1
фехтование_S	0
исаакий_S	0
лжеренессансный_A	0
пора_S	0
160р_S	0
монохра_S	0
крисп_S	0
суррогатый_A	1
промозгть_V	1
кротошка_S	0
сосиш_S	1
ищть_S	0
императорский_A	0
сакуровский_A	0
густовский_A	0
бульончик_S	1
дружестветь_V	0
простительноия_S	1
басня_S	0
мелочиться_V	1
масонский_A	0
лаский_S	0
расстроиться_V	1
единообразный_A	0
постесняться_V	1
труффальдино_S	0
расстрочиться_V	1
часовой_A	0
лучезарный_A	0
ворчать_V	1
турнедо_S	1
кусон_S	1
дред_S	0
испоганить_V	1
видеонаблюдение_S	0
пробоина_S	1
пломбир_S	1
1360р_S	0
горчить_V	1
георгиевский_A	0
чак_S	1
чисторра_S	0
отрывный_A	0
последовательность_S	0
востребованость_S	0
дяденька_S	1
лимонадик_S	1
помидор_S	1
пасмурный_A	1
вальполичелла_S	0
стейка_S	1
занижать_V	1
психиатрический_A	0
прожееный_A	1
чупа_S	1
босоногий_A	0
морозить_V	1
комплементный_A	0
брюзжание_S	1
лцить_V	1
335р_S	0
предыстория_S	0
стыдить_V	0
талиателть_S	0
прикасаться_V	1
слабосладкий_A	1
бесить_V	1
пиво_S	1
блистательный_A	0
попичок_S	1
плювка_S	1
отражать_V	0
часовеня_S	0
сложный_A	0
прожный_A	1
вдумчивый_A	0
убежать_V	1
театральный_A	0
мацони_S	0
обуславливать_V	0
недостаточка_S	1
нецепкий_A	1
задействовать_V	0
посудинка_S	1
приурочить_V	0
фотосессия_S	0
неплохия_S	1
особь_S	0
лебедевский_A	0
приперть_S	1
благозвучие_S	0
супец_S	1
размороженыя_S	1
фразочка_S	1
анна_S	1
зимний_A	0
зевс_S	1
широ_S	0
осмыслеть_V	0
печенька_S	1
прожжёть_V	1
вкуснотец_S	1
кубикоподобный_A	0
думский_A	0
овсяныя_S	1
встретётя_S	0
выпирать_V	0
корпускулярный_A	0
койоткать_V	0
незный_A	1
руководитель_S	0
почтение_S	0
горюй_S	1
игарть_S	1
эксклюзивный_A	0
моль_S	1
малинка_S	1
жёлчь_S	1
вайти_V	1
провоняться_V	1
пофига_S	1
пародие_S	1
гармоничность_S	0
хинкал_S	0
убудить_V	0
пинга_S	0
бесстыдный_A	1
помпей_S	0
суворовский_A	0
промасить_V	1
эфэма_S	1
пояснение_S	0
люляшка_S	1
огласка_S	0
модерация_S	0
гновать_V	1
видух_S	1
вредность_S	1
заиндиветь_V	0
недоплачивать_V	1
вышеозначенный_A	0
сырница_S	1
морский_A	0
порося_S	1
ниссуаз_S	0
свинить_V	1
мошка_S	1
рдить_V	1
скандирование_S	0
нямма_S	0
иксовыя_S	1
хойсин_S	0
проглочить_V	1
гора_S	0
дешевий_S	1
колоритный_A	0
втискивать_V	0
нико_S	1
недозвониться_V	1
недомахаться_V	1
пиворам_S	0
приемленый_A	1
юннат_S	0
вис_S	0
больний_A	1
коллекционный_A	0
занюх_S	1
неолит_S	0
клубничый_A	1
дойти_V	0
жранинка_S	1
осматривание_S	0
удесный_A	0
поднадкусывать_V	1
ковурм_S	1
тоф_S	1
гривцовый_A	0
свечий_S	0
поесть_V	1
грудка_S	0
спрос_S	1
впечатляющий_A	0
испорчить_V	1
замачивать_V	1
благодарностьь_S	0
крюшончик_S	1
протушить_V	1
процеживать_V	1
невод_S	1
миниэкскурсия_S	0
отговорить_V	1
разностороннять_V	0
самогончик_S	1
замучаться_V	1
гадюжник_S	1
тыквопирожное_S	1
алгоколя_S	0
пикап_S	0
вкусность_S	1
неправда_S	1
проспать_V	1
филе_S	0
сморода_S	1
жель_S	1
организатоер_S	0
трогательный_A	0
блистить_V	0
покрепчбыть_V	1
5тысяча_S	0
наплевать_V	1
отдекорировать_V	0
столовка_S	1
ляпсус_S	1
канва_S	0
журить_V	1
вышеупомянуть_V	0
пресный_A	1
попробывать_V	1
новый_A	0
пришибть_V	1
жара_S	0
рестогруппа_S	0
проварти_S	1
второый_A	0
мир_S	0
посухать_V	1
кхмер_S	0
нечестный_A	1
прийтись_V	0
вращение_S	0
гагарин_S	0
неудаться_V	1
лепка_S	0
колбасить_V	1
напьться_V	1
противень_S	1
стартуй_S	0
весь_A	1
недожарный_A	1
повыкручивать_V	1
ресотрана_S	1
аккустический_A	0
новация_S	0
атриум_S	0
боб_S	1
размочить_V	1
прайс_S	0
покровитель_S	0
бутеброд_S	1
пюре_S	1
курёнок_S	1
излазить_V	0
нереальнотец_S	1
прилагаться_V	0
стыдный_A	1
попровать_V	1
оригинальный_A	0
подловить_V	1
непосвящённый_A	0
кака_S	1
прервать_V	0
обижать_V	1
ландшафтный_A	0
вафелька_S	1
ревал_S	0
мост_S	1
раскрывать_V	0
огорчаться_V	1
недопустить_V	1
броуновский_A	0
рожать_V	1
загородный_A	0
вращать_V	0
прогодать_V	1
арияф_S	1
кец_S	1
старьё_S	1
конфетка_S	1
хаять_V	1
норд_S	0
вылечить_V	1
соответсвуть_V	0
дора_S	0
совместить_V	0
востограться_V	0
порёжить_V	1
эма_S	1
грязныбыть_V	1
отмачивать_V	1
нелогичный_A	1
посвящать_V	0
испортиль_S	0
бульон_S	1
закуск_S	1
галченка_S	1
непотребство_S	1
каноллина_S	0
интербер_S	0
маршмэллоу_S	0
клеться_V	1
испание_S	0
навозиться_V	1
титан_S	0
баклажанище_S	1
уединённый_A	0
впечатлиться_V	0
собрат_S	0
образность_S	0
сочетение_S	0
снежный_A	0
сметь_V	0
курить_V	0
фаршик_S	1
разнобразие_S	0
невзгода_S	1
проехаться_V	1
фогтографие_S	0
мерзость_S	1
майла_S	0
идентификационный_A	0
каравай_S	1
трехлетний_A	0
преклонение_S	0
кабанчик_S	1
шмочь_V	1
гоги_S	1
невежда_S	1
уединяться_V	0
рассосаться_V	1
обсчитать_V	1
разнообразый_A	0
продавец_S	1
едуть_V	1
нарезаесть_V	1
ничеготец_S	1
темпераментный_A	0
ферма_S	0
встречч_S	0
склон_S	0
фенхель_S	1
хватиться_V	1
формирование_S	0
расовый_A	0
вышеизложенный_A	0
хамть_V	1
многоместный_A	0
скисшать_V	1
глубина_S	0
накипь_S	1
вокалист_S	0
шафран_S	1
недожаренный_A	1
недожаривать_V	1
притушеть_V	1
прихлёбывать_V	1
говяжьить_V	1
пописать_V	1
редисончик_S	1
установление_S	0
уаааа_S	0
фить_V	0
красивать_V	0
бестужевский_A	0
есдинственный_A	0
усечеть_S	0
разнообразнейнуть_V	0
широкий_A	0
попить_V	1
таокть_V	1
шпинатик_S	1
авторский_A	0
памела_S	0
воодушеть_V	0
попрасить_V	1
спринтерский_A	0
входбыть_V	0
энциклопедический_A	0
заморыш_S	1
скотство_S	1
добавьт_S	1
доставочный_A	0
слон_S	0
клюковка_S	1
недодив_S	1
описывать_V	0
эволюция_S	0
конгломерат_S	0
регистрировать_V	0
запивать_V	1
учтить_V	0
впечатляющить_V	0
разбавлять_V	1
аджичка_S	0
похмелие_S	1
запуганый_A	1
пельмешек_S	1
принадлежать_V	0
горилка_S	1
нямкатя_S	1
княжеский_A	0
знать_V	1
кальянчик_S	1
задолбать_V	1
разваливаться_V	1
мотороллер_S	0
кропотливый_A	0
незнать_V	1
креветище_S	1
вред_S	1
кидание_S	0
громкоговорящий_A	0
разителить_V	0
сахарок_S	1
конференц_S	0
страстотерпец_S	0
венец_S	0
минога_S	1
копчёность_S	1
вкусняшный_A	1
декий_S	0
спираль_S	0
прикинуть_V	1
мучный_A	1
кюрасао_S	0
траппистский_A	0
ковырнуть_V	1
декорирование_S	0
равномерность_S	0
модуляций_A	0
разрабатывать_V	0
мрак_S	1
присоеденаться_V	1
пачкаться_V	1
какав_S	0
дрыхнуть_V	1
воздух_S	1
демонический_A	0
салатс_S	1
плеяда_S	0
недогнать_V	1
усёчить_V	1
месть_S	1
ежовый_A	1
своеобразность_S	0
960рубый_A	0
примечателить_V	0
цветопередача_S	0
простудиться_V	1
сонливый_A	1
звезда_S	0
одиссей_S	0
гамма_S	0
свагат_S	0
уединить_V	0
ресто_S	0
выемка_S	0
расписк_S	0
вкуснотень_S	1
отвественный_A	0
сурьезничать_V	1
обмакивать_V	1
отделка_S	0
благоустройство_S	0
верфь_S	0
изысканый_A	0
отражаться_V	0
возблагодарить_V	0
отдаление_S	0
недосмотреть_V	1
отравлять_V	1
хреновинка_S	1
творческий_A	0
стержень_S	0
хлебушек_S	1
отвратитедьный_A	1
пустяковый_A	1
светящться_V	0
отдаить_V	0
неважнецкий_A	1
расчленять_V	0
пастообразный_A	0
нежирный_A	1
различавать_V	0
опознание_S	0
багатель_S	0
гуревич_S	0
доедный_A	1
недомытый_A	1
настоятельный_A	0
глобусбар_S	0
кривыя_S	1
однокашник_S	0
бюргерский_A	0
папироса_S	1
культовый_A	0
желе_S	1
панор_S	0
реж_S	1
ненужный_A	1
лягушонцузский_A	1
эрл_S	0
заберёть_V	1
пустякий_S	1
ухо_S	1
петлевой_A	0
сотэ_S	0
белый_A	1
восточный_A	0
заглядывание_S	0
невкуснотец_S	1
находка_S	0
кокошник_S	0
всепоглощающий_A	0
ненавистный_A	1
свихнуться_V	1
недокормый_A	1
хреновка_S	1
тугой_A	1
полукруглый_A	0
мощный_A	0
четч_S	0
оргинальный_A	0
молочненький_A	1
тога_S	0
действующий_A	0
чаеведа_S	0
наружность_S	0
дживс_S	0
руслановский_A	0
творчество_S	0
выкинуть_V	1
прожект_S	0
диапазон_S	0
наблюдение_S	0
вождение_S	0
придраться_V	1
соусос_S	1
обслуживаий_A	0
невестый_A	1
горчичиный_A	1
увлекатальный_A	0
обречь_V	1
импровизировать_V	0
говядиныба_S	1
изливать_V	0
придира_S	1
ветчинка_S	1
хлебать_V	1
ханзать_V	1
пуделихо_S	0
инверсия_S	0
украшательный_A	0
великольный_A	0
смалодушничать_V	1
ммм_S	1
шпрот_S	1
пресолёный_A	1
вымогать_V	1
оответствовать_V	0
многогранник_S	0
промезать_V	1
25летие_S	0
мемориасть_S	0
открынуть_V	0
скукотище_S	1
возвышаться_V	0
160реть_V	0
нибуь_S	0
промазаный_A	1
копчёный_A	1
геморрой_S	1
ивановский_A	0
парижанка_S	0
гетманский_A	0
средненький_A	1
винцо_S	1
деньга_S	1
190рублый_A	0
отделеить_V	0
российский_A	0
уподобиться_V	0
не6ольший_A	1
корпоративный_A	0
многообразный_A	0
омоновский_A	0
уксусный_A	1
сюсюкать_V	1
передумать_V	1
изученина_S	0
детальный_A	0
сырок_S	1
гадюка_S	1
нарезать_V	1
сыроварня_S	1
ферганский_A	0
конструктив_S	0
высокоуровневый_A	0
недоеденый_A	1
вредненький_A	1
юнга_S	0
протухть_V	1
сцена_S	0
прожареть_V	1
расписать_V	0
салатик_S	1
заморозка_S	1
мальтальятть_V	0
едиснтвенный_A	0
вялить_V	1
квасок_S	1
недодуманность_S	1
тыквеннный_A	1
первооткрыватель_S	0
баффать_V	0
тая_S	1
наедаться_V	1
перформанс_S	0
раскрашивать_V	0
порча_S	1
индусский_A	0
зверинский_A	0
недоваренность_S	1
подавить_V	1
арахисовый_A	1
ресторанишко_S	1
новоселов_S	0
командирский_A	0
универсам_S	0
некурящий_A	1
басбаш_S	1
поср_S	1
глухарь_S	1
вращаться_V	0
посторонний_A	0
незабудка_S	0
сливочник_S	1
недодать_V	1
светль_S	0
дымиться_V	0
кашмир_S	0
клевер_S	1
чаинкоудерживатель_S	0
безалкольный_A	1
греция_S	0
приспичить_V	1
овощ_S	1
плохеть_V	1
обыкновенный_A	0
прелестница_S	0
мелочий_S	1
раскраска_S	0
сытнинский_A	0
костный_A	1
мелочь_S	1
сетевой_A	0
засохшить_V	1
средина_S	0
симпл_S	0
вобла_S	1
првать_V	1
разнообразие_S	0
почерпнуть_V	0
разнообразить_V	0
обсасывать_V	1
возвышеть_V	0
разноплановый_A	0
индивидуализируть_S	0
восторжествовать_V	0
ябть_V	1
стрелковый_A	0
лопать_V	1
многофункциональный_A	0
конфигурация_S	0
готовить_V	0
колеслоу_S	0
300г_S	0
сыроед_S	1
110реть_V	0
фреска_S	0
пинанин_S	0
верка_S	1
тматический_A	0
ввпечатление_S	0
злой_A	1
замарозка_S	1
полукресол_S	0
заедавать_V	1
мутноватый_A	1
красотааа_S	0
совковость_S	0
лингвинить_V	0
ломоносовский_A	0
поправлять_V	1
несостыковка_S	1
облачить_V	0
балык_S	1
шум_S	0
супчик_S	1
занудствовать_V	1
сложнодостижать_V	0
неприём_S	1
золочёный_A	0
ласкательный_A	0
300гра_S	0
представление_S	0
памятник_S	0
недодержать_V	1
мужичонка_S	1
спектр_S	0
буженинка_S	1
безвкусица_S	1
отделёть_V	0
вонища_S	1
фолиант_S	0
упоминуть_V	0
вопнуть_V	1
придирка_S	1
ноль_S	1
доминиканский_A	0
аджика_S	1
чей_A	1
отрыжок_S	1
группа_S	0
избаловаться_V	1
скушный_A	1
насчитать_V	0
ващий_A	0
рассматривание_S	0
защипывать_V	1
подеть_V	0
неуч_S	1
подчёркивание_S	0
огрызнуться_V	1
пойда_S	1
гарниреть_V	1
откажться_V	1
низкосортный_A	1
простуда_S	1
горький_S	0
творящться_V	0
нешмагнуть_V	1
чаганак_S	0
стейкова_S	1
неприятный_A	1
умучеть_S	0
служительница_S	0
бретцль_S	0
натрескаться_V	1
неспиться_V	1
пость_S	1
нерв_S	1
шотландский_A	0
лигурийск_S	0
раскопать_V	0
размякнуть_V	1
песто_S	1
обнулить_V	1
проголодавшесть_S	1
фаршировонный_A	1
подсыпать_V	1
долбаный_A	1
пхалть_S	0
пида_S	1
горий_S	1
увести_V	0
недосолёный_A	1
брреть_V	1
вкть_V	0
стирать_V	1
экстравагантный_A	0
безвкусие_S	1
веть_V	1
невзлюбить_V	1
510р_S	0
торнадо_S	0
покатиться_V	0
резонансный_A	0
подгорель_S	1
худышка_S	1
узкоспециализированный_A	0
удостоить_V	0
морда_S	1
бетя_S	1
видовыя_S	0
сорокалетний_A	0
величественность_S	0
недопробовать_V	1
воплощение_S	0
винотечь_V	0
подошедшать_V	0
пропад_S	1
замёрзшить_V	1
зона_S	1
нотец_S	1
30летний_A	0
селектор_S	0
недоработка_S	1
звучасть_S	0
антиаппетитный_A	1
органза_S	0
балканский_A	0
отмеч_S	0
орать_V	0
безрыбье_S	1
прожарка_S	1
внимать_V	0
размазнить_V	1
порк_S	1
продаваться_V	1
несомненный_A	0
вдохновенный_A	0
огласить_V	0
сглотнуть_V	1
сметана_S	1
овладевать_V	0
опознать_V	0
рубинштейн_S	0
многотысячный_A	0
бурный_A	0
королевский_A	0
излишек_S	1
синомия_S	0
непьющий_A	1
плохоплохоплоха_S	1
евразийский_A	0
влечь_V	0
гадюшник_S	1
лапшишка_S	1
разносторонний_A	0
апельсин_S	1
доедавать_V	1
гарнир_S	1
разлюбить_V	1
гринвич_S	0
нехолостый_A	1
навои_S	0
шёлк_S	0
блоу_S	0
проедить_V	1
синопский_A	0
промолчий_A	1
названьиец_S	1
тимур_S	0
бульоньчик_S	1
пот_S	1
слияние_S	0
арабо_S	0
объездить_V	0
фостерс_S	0
вечаера_S	0
грациозный_A	0
прощелыга_S	1
дециметр_S	0
ужасть_S	1
трендотрудиться_V	0
замораживаться_V	1
пазл_S	0
огурец_S	1
шоколадка_S	1
памятуй_S	0
выставочный_A	0
энергичный_A	0
сытноотреть_V	1
яйцо_S	0
кропоткин_S	0
небанальный_A	1
долгождать_V	0
засол_S	1
викторин_S	0
архитектор_S	0
брага_S	1
пришибать_V	1
печь_V	1
неродный_A	1
бифштекс_S	1
фотокартина_S	0
изумить_V	0
проголодаться_V	1
сыпить_V	1
патрон_S	0
тан_S	0
этюд_S	0
розливыя_S	1
картфель_S	0
кабан_S	1
сигарета_S	1
жовка_S	1
гардёр_S	0
сироптраница_S	1
баловаться_V	1
состоятельный_A	0
отбавлять_V	1
исчерпывающий_A	0
целое_S	0
неловкотец_S	1
недобрать_V	1
индивидуальность_S	0
лонгайленд_S	0
дифлопэ_S	0
пленить_V	0
двухчасовыя_S	0
вкуснятёнок_S	1
кёрлинга_S	0
дизаин_S	0
михайловский_A	0
кубинский_A	0
лаконичность_S	0
входнуй_S	0
кофеечка_S	1
беднота_S	1
висеть_V	0
торжественный_A	0
колоссальный_A	0
взятка_S	1
исторический_A	0
вурдалка_S	1
подмерзать_V	1
заредить_V	1
зал_S	0
картофельный_A	1
окраска_S	0
хороший_A	1
пустышка_S	1
разделять_V	0
копч_S	1
широченный_A	0
мекка_S	0
рюмочка_S	1
почтенный_A	0
попкорн_S	1
скандалить_V	1
пьющий_A	1
диетолог_S	1
следующий_A	0
волынский_A	0
академия_S	0
обнаруживать_V	0
естоять_V	0
шокировать_V	1
никудышный_A	1
увярять_S	0
чесночковый_A	1
дрыхнут_S	1
несвиный_A	1
нечо_S	1
скамейкодиван_S	0
недоставать_V	1
ньока_S	0
подвичь_V	0
отплёвываться_V	1
одухотворённый_A	0
одновстречать_V	0
джентрификация_S	0
прызть_V	1
спешащать_V	0
полегчать_V	1
катакомба_S	0
присохнуть_V	1
эпилог_S	0
тбилиский_A	0
посетить_V	0
йот_S	1
красотища_S	0
молодожёный_A	0
начинатель_S	0
лионский_A	0
моретти_S	0
диета_S	1
безнал_S	1
высокий_A	0
пробка_S	1
безалаберный_A	1
вдохновение_S	0
восторжеть_V	0
пушкинский_A	0
сказать_V	1
герб_S	0
недоумевать_V	0
реконструировать_V	0
передуматься_V	1
неумелый_A	1
пакистанский_A	0
талиателли_S	0
косаться_V	1
внедрить_V	0
индукционный_A	0
ждать_V	1
наплохать_V	1
благоговейный_A	0
безродный_A	1
хамка_S	1
предметный_A	0
девушкаа_S	0
скрещивать_V	0
желеобразный_A	0
ублюдок_S	1
захочиться_V	1
кафе_S	0
бейбить_V	1
приоткрывать_V	0
выгул_S	1
прихватиться_V	1
куреж_S	1
лживый_A	1
бисквитя_S	1
законодательство_S	0
зафиксиря_S	0
отвратительнотец_S	1
возвратить_V	0
придурковать_V	1
пик_S	0
циклоп_S	0
отвратителить_V	1
поспеть_V	1
зловеть_V	0
проситьисключить_V	1
полба_S	1
особук_S	0
взаимовыгодный_A	0
зарубежный_A	0
кумыс_S	1
душть_V	1
изжарить_V	1
заесть_V	1
благоухание_S	0
сбыт_S	1
велла_S	0
лосево_S	0
свежемолотый_A	1
сдача_S	1
прожарти_S	1
радуга_S	0
ломт_S	1
нажать_V	1
неаккуратный_A	1
дымный_A	0
ветхозаветный_A	0
поросёночек_S	1
бестужев_S	0
джаджика_S	1
зашибиться_V	1
клиент_S	0
приветливейшать_V	0
невменяемый_A	1
фотопредставление_S	0
подливать_V	1
непростый_A	1
радикулит_S	1
едьба_S	1
напрвление_S	0
забеременеть_V	1
пахнуть_V	1
отъедать_V	1
десерт_S	1
дрожжев_S	1
благодарственный_A	0
передание_S	0
сквалыга_S	1
питание_S	1
промыть_V	1
троица_S	0
своеобразный_A	0
хореографический_A	0
ботва_S	1
нелюбовь_S	1
виниловый_A	1
большой_A	0
стройный_A	0
пхалеуть_V	0
корнишончик_S	1
300рубый_A	0
балабольный_A	1
примечание_S	1
промокнуть_V	1
коралловый_A	0
пулковский_A	0
гребень_S	0
хранить_V	0
приёмный_A	0
опираться_V	0
хворать_V	1
прослушивание_S	0
подкисливать_V	1
именнина_S	0
множество_S	0
вникать_V	0
недоесть_S	1
промахнуться_V	1
дубинка_S	0
окажиться_V	1
скаж_S	1
сиять_V	0
неопробываннуй_S	0
собеседование_S	0
вкуснейшать_V	1
размазнь_S	1
вуалька_S	0
поджаристный_A	1
изображать_V	0
макать_V	1
поелозить_V	1
нарвться_V	1
чурчхела_S	1
воодушевлять_V	0
гастрит_S	1
еда_S	1
солоный_A	1
параллельный_A	0
биргарден_S	0
продавлить_V	1
многовековый_A	0
гриджио_S	0
атлетика_S	0
460р_S	0
мужской_A	0
сырость_S	1
трон_S	0
непподельный_A	1
терпеться_V	1
наесться_V	1
освежитель_S	0
окрошка_S	1
разачарованть_V	0
заказной_A	1
служивать_V	0
пунш_S	0
пончиковый_A	1
долгожданный_A	0
икейский_A	0
пюреобразный_A	0
лунный_A	0
рамштайна_S	0
каша_S	1
приветливать_V	0
недосолеть_V	1
фишкилс_S	1
гриджо_S	0
блинный_A	0
протестоять_V	1
мороженое_S	1
умиротворять_V	0
чёрствость_S	1
непутёвый_A	1
слоёный_A	1
перекусать_V	1
евгений_S	0
заборчик_S	1
готовенка_S	0
двухлетний_A	0
непрочный_A	1
объёмность_S	0
мочение_S	1
отобрать_V	0
мусса_S	0
жанжак_S	1
чаять_V	1
лемонграс_S	0
рассидиться_V	1
маловыя_S	1
едок_S	0
джейский_A	0
привлекательность_S	0
аутентичность_S	0
лаконичный_A	0
собраться_V	0
превкусный_A	1
начисление_S	0
некудышный_A	1
перепачкать_V	1
люмьер_S	0
порцейка_S	1
вписасть_S	0
представляться_V	0
болтать_V	1
предстоять_V	0
представлять_V	0
молочноморковный_A	1
куллера_S	0
светленький_A	0
мытнинский_A	0
тинькофф_S	0
трой_S	0
проспаться_V	1
промакнуть_V	1
удостый_A	0
дзадзык_S	1
псевдоверсальский_A	0
диетичный_A	1
отчётливый_A	0
наговаривать_V	1
небольшой_A	0
несуетливый_A	1
прикормиться_V	1
окорочка_S	1
недоучка_S	1
разорить_V	1
соединить_V	0
коломяжский_A	0
супер_A	0
удалять_V	0
поничить_V	0
жижица_S	1
арт_S	0
машти_S	0
исследовательский_A	0
закавыка_S	1
проникноветь_V	0
познавательный_A	0
совершить_V	0
столик_S	0
плодотворный_A	0
мохитый_A	0
отмазываться_V	1
гость_S	0
мочить_V	1
птуть_S	0
непригодный_A	1
очаровать_V	0
марципан_S	1
непроходный_A	1
лонг_S	0
акробатический_A	0
высветить_V	0
продажный_A	1
локальный_A	0
помирать_V	1
равиолька_S	1
неуспевать_V	1
извещать_V	0
уколоть_V	1
голодый_A	1
вкусняяяятина_S	1
неходовыя_S	1
басурман_S	1
сюрприз_S	1
недоделать_V	1
вершина_S	0
обнаглеть_V	1
фунчез_S	0
таллинский_A	0
заманчить_V	0
булка_S	1
ньюкасл_S	1
обозреть_V	0
гренадерский_A	0
изображение_S	0
помидореть_V	1
эрзаец_S	1
натворить_V	1
прихвачить_V	1
вафельный_A	1
ея_S	0
рома_S	0
размазня_S	1
сальсичо_S	1
недопонимать_V	1
пить_V	1
нева_S	0
окиянить_V	0
ужбыть_V	1
бешамель_S	0
сияние_S	0
песочница_S	0
морковить_V	1
будда_S	0
курдючный_A	1
четырехсотграммовый_A	0
раскрываться_V	0
мишка_S	1
хадж_S	0
смешной_A	1
день_S	0
симпозиум_S	0
отображение_S	0
трус_S	1
вокал_S	0
принять_V	1
обругать_V	1
галушка_S	1
свидетельница_S	0
заваривать_V	1
досадный_A	1
недотягивать_V	1
яичный_A	1
компот_S	1
запропаститься_V	1
гаванский_A	0
маский_S	0
хиппи_S	0
наваристать_V	1
жулька_S	1
разбавляться_V	1
налив_S	1
картофель_S	1
неаппетитный_A	1
неинтересный_A	1
питать_V	1
кришнаит_S	0
прожаривать_V	1
гиоповский_A	0
расстроять_V	1
пилястр_S	0
конть_V	0
недоделка_S	1
пирсинг_S	0
бульенчик_S	1
ландшафный_A	0
пропихнуться_V	1
глоточек_S	1
аджап_S	0
микронный_A	0
санторинить_V	0
слабенький_A	1
вегетарианец_S	1
регга_S	0
украский_S	0
роза_S	0
оживляж_S	0
вкусна_S	1
девушка_S	0
отъедаться_V	1
непростительный_A	1
усечённый_A	0
заберить_V	1
артуа_S	0
пьющиться_V	1
картофанчик_S	1
недобутик_S	1
скушать_V	1
долистать_V	0
салатец_S	1
хать_V	1
авиаконструктор_S	0
пищеблок_S	1
отдельный_A	0
стекляшка_S	1
предшествовать_V	0
стс_S	0
протрезветь_V	1
заморожный_A	1
попробовать_V	1
парк_S	0
руссо_S	0
хурмишечка_S	1
ботво_S	1
недосольный_A	1
буйабес_S	1
неутомия_S	0
антипохмельный_A	1
новогодный_A	1
чеготец_S	1
натерть_S	1
хрюха_S	1
курильщик_S	1
проследить_V	0
танцулька_S	1
догрызать_V	1
воседать_V	0
куйбышевский_A	0
опознавательный_A	0
недозовться_V	1
обладать_V	0
второсортный_A	1
тинькова_S	0
лыцырь_S	1
завдение_S	0
борщ_S	1
семилетний_A	0
читають_V	0
говорливый_A	0
убль_S	0
оттдать_V	0
беседа_S	0
охраницкий_A	0
невонючий_A	1
проварка_S	1
ухудшаться_V	1
шедевр_S	0
покровительство_S	0
неадекватностье_S	0
мёд_S	1
шастать_V	1
скарть_S	0
монашеский_A	0
вкусния_S	1
бррррра_S	1
х_S	1
жовать_V	1
оплошаться_V	1
гаризонт_S	0
интерьер_S	0
180р_S	1
девушекженщина_S	0
божественный_A	0
рыбный_A	1
антиникотиновый_A	1
отвратитительный_A	1
орхидея_S	0
счетать_S	0
север_S	0
протушеть_V	1
понт_S	0
восторжить_V	0
капустка_S	1
поднятие_S	0
размещаться_V	0
сгинуть_V	1
наговорить_V	1
натура_S	0
стыдность_S	1
мощь_S	0
скука_S	1
подть_V	1
шапманский_A	0
канонический_A	0
де_S	0
неназойливый_A	1
конструктор_S	0
прескорбный_A	0
самогонка_S	1
кетчуп_S	1
округлать_V	0
карачки_S	1
незлой_A	1
модниться_V	0
пьвать_V	1
скучноотреть_V	1
одногруппница_S	0
щётка_S	0
сладкоежкый_A	1
единичный_A	0
нива_S	1
разбавленый_A	1
географический_A	0
дроблёный_A	0
90ый_A	0
увертюра_S	0
властелин_S	0
возможный_A	0
снизойти_V	0
тирольский_A	0
тобыть_V	1
пофичь_V	1
владение_S	0
мочь_V	0
отсиживать_V	1
приправка_S	1
мумбай_S	0
неснятый_A	1
клубничеый_A	1
разозлить_V	1
песнь_S	0
гурмоный_A	0
вкусон_S	1
бар_S	0
беспокоться_V	1
задохнться_V	1
вздрючить_V	1
двухсторонний_A	0
тысяча_S	0
семечковый_A	1
сфотографированый_A	0
лайм_S	0
волнообразный_A	0
макдональдс_S	0
раскидывать_V	0
соответсвеный_A	0
бессердечие_S	1
кофий_S	1
винчик_S	1
неварёный_A	1
следовать_V	0
ужратый_A	1
харч_S	1
фьорд_S	0
ведный_A	0
пятилетний_A	0
интерсный_A	0
слабак_S	1
вегетарианка_S	1
смортиться_V	1
интересность_S	0
обмочить_V	1
баба_S	1
отвратитетьный_A	1
несъедобный_A	1
переесть_V	1
фонограмма_S	0
новост_S	0
вышеуказанный_A	0
разачароваться_V	0
вкуснить_S	1
шоколадный_A	1
полсалат_S	1
промерзшить_V	1
песня_S	0
пережёвывать_V	1
вокальный_A	0
190р_S	0
разводиться_V	1
петровский_A	0
восточность_S	0
халтура_S	1
рибый_A	0
прописаться_V	1
нивелирование_S	0
долгий_A	0
созвучие_S	0
недострый_S	1
стервозный_A	1
подушевень_S	0
нордический_A	0
слабго_S	1
франческо_S	0
побразный_A	0
выдвинуть_V	0
засосать_V	1
отель_S	0
замечательный_A	0
всечь_V	0
разнообоазный_A	0
недешёвый_A	1
неголодный_A	1
поправимый_A	1
отдельностоить_V	0
жирный_A	1
свой_A	1
очумелый_A	1
смылс_S	1
аллергия_S	1
буржа_S	1
затхлый_A	1
отмечание_S	0
сетевуха_S	0
мясцо_S	1
оперейшн_S	0
шбар_S	0
воодушевлеть_V	0
эллегантный_A	0
гостевой_A	0
значить_V	1
преображение_S	0
сотётя_S	0
интересовать_V	0
спаржать_V	1
одухотворение_S	0
всмятка_S	1
высококаблучный_A	0
дружина_S	0
белёд_S	0
ложечка_S	1
ниагар_S	0
наставник_S	0
мале_S	0
жалоба_S	1
поедить_V	1
крeпкий_S	1
прия_S	1
премерзкий_A	1
одновременный_A	0
впираться_V	0
изюминка_S	0
посещать_V	0
познакомить_V	0
ухудшиться_V	1
оценить_V	0
клюнуть_V	1
недоужинать_V	1
тушёный_A	1
дансинг_S	0
мстоположение_S	0
синтезатор_S	0
недопустимый_A	1
рассохться_V	1
понять_V	1
магнат_S	0
апфля_S	1
недозревший_A	1
пуасон_S	0
царственный_A	0
вкусняцкий_A	1
жисть_S	1
анк_S	0
взирать_V	0
пикантный_A	0
передоговориться_V	1
кислить_V	1
достигнуть_V	0
спикать_V	0
вписать_V	0
гад_S	1
диетка_S	1
полусуп_S	1
фрескотец_S	0
противненький_A	1
бефстрогановс_S	0
шагнуть_V	0
картопляник_S	1
белорыбица_S	1
нерусский_A	0
нелюбезный_A	1
невермор_S	1
сотворение_S	0
разнонаправленный_A	0
обысный_A	1
заречься_V	1
некий_A	1
следователь_S	0
весенний_A	0
побаливать_V	1
игра_S	1
бобрятина_S	1
нелинейный_A	0
склония_S	0
невысокий_A	0
нехватить_V	1
ненадолый_A	1
модель_S	0
золочить_V	0
софить_V	0
интерер_S	0
гнить_V	1
сочетать_V	0
преснота_S	1
мур_S	0
зодчий_S	0
правлиться_V	1
торжествить_V	0
наисвежать_V	0
подготовительный_A	0
протушенность_S	1
огрызок_S	1
пачуля_S	1
отображать_V	0
бесвкусный_A	1
максим_S	0
ничегонеделаль_S	1
пошалить_V	1
закажуть_S	1
раскидать_V	0
реликтовый_A	0
молоко_S	1
возрастной_A	0
отрава_S	1
грандиозый_A	0
моцарелла_S	0
балахановский_A	0
подчёркивать_V	0
призвать_V	0
огрузинивать_V	0
куревыя_S	1
приложение_S	0
попрбывать_V	1
объединить_V	0
соответветствовать_V	0
чтом_S	1
сенатор_S	0
кудышный_A	1
салатница_S	1
умыться_V	1
несолнечный_A	1
койка_S	1
руководить_V	0
отделить_V	0
нехуденький_A	1
одлиночный_A	0
трюфель_S	1
малосъедобный_A	1
красноречивый_A	0
внушать_V	0
настойка_S	1
неотмечаемый_A	0
ризонь_S	0
доплатить_V	1
меняйт_S	0
выпьть_V	1
микроскопическак_S	0
различный_A	0
бесчеловечный_A	1
видеоклип_S	0
бодобный_A	0
обкатка_S	0
неоткрывающийся_A	0
пламенный_A	0
поеденый_A	1
группировать_V	0
оссобук_S	0
поножовщина_S	1
наесть_V	1
распиский_A	0
отдаша_S	0
хрюшка_S	1
хотеть_V	1
наивкусный_A	1
разнообразнь_S	0
закуска_S	1
корбонары_S	0
молочко_S	1
поедаться_V	1
обладатель_S	0
опосль_S	1
монумент_S	0
кипяточок_S	1
кружевной_A	0
недовареннаый_A	1
танженовский_A	0
одноимённый_A	0
вс_S	0
выпивка_S	1
запиваться_V	1
нервишка_S	1
мести_V	1
люба_S	0
читательница_S	0
ака_S	1
обшибиться_V	1
спиться_V	1
ливийский_A	0
небезнадёжный_A	1
чудесатый_A	0
порченый_A	1
ярус_S	0
335руга_S	0
облекать_V	0
поганый_A	1
графин_S	1
паршивый_A	1
дефилирование_S	0
донжон_S	0
корячиться_V	1
камерный_A	0
неодновременный_A	0
палка_S	0
эссе_S	0
ямский_A	0
верить_V	1
разбавляють_V	1
озвучный_A	0
супершоколадный_A	1
брррра_S	1
жирненький_A	1
овместить_V	0
припереться_V	1
недолить_V	1
подсобка_S	1
пирочить_V	1
напаститься_V	1
устремить_V	0
сокровище_S	0
пересечться_V	0
вниание_S	0
фотографироваться_V	0
водогрый_A	0
выпь_S	1
метвать_V	1
бедняжка_S	1
недоработочка_S	1
мальтальять_V	0
больший_A	1
455р_S	0
освободить_V	0
приправа_S	1
раскрывавать_V	0
ммммммммм_S	1
пиканье_S	0
блоуап_S	0
перекопчёный_A	1
дерзать_V	0
сенч_S	0
молодёжа_S	0
сало_S	1
вокать_V	0
многолетний_A	0
приветлевый_A	0
устремляться_V	0
голодуха_S	1
шаланда_S	1
волшебный_A	0
отдекрорированый_A	0
баклажанин_S	1
ласкасть_S	0
факультативный_A	0
крошко_S	1
жан_S	1
портвейн_S	1
чрезвычайный_A	0
дошеднуть_V	0
выяснение_S	0
зачётный_A	0
нахваливаться_V	1
выдумщик_S	1
пельмешик_S	1
пережёвываться_V	1
единственный_A	0
сфоткать_V	0
мочкануть_V	1
прический_A	0
анализ_S	1
цоколь_S	0
непрерывный_A	0
сумбурный_A	0
гадина_S	1
устремление_S	0
пысать_V	0
припрать_S	1
листать_V	0
рожа_S	1
откликаться_V	0
многочисленный_A	0
теснять_V	1
морковь_S	1
наедиться_V	1
стерлядь_S	1
страхуться_V	1
уродиться_V	1
изумителить_V	0
сверхзамечательный_A	0
класический_A	0
миилый_A	0
замёрзнуть_V	1
кашель_S	1
дижестив_S	0
сближение_S	0
неграмотный_A	1
удалиться_V	0
заварка_S	1
восхищеть_V	0
слехка_S	1
ёрш_S	1
неубранный_A	1
недощипать_V	1
трактовка_S	0
поклевать_V	1
обсцеть_V	0
переедать_V	1
тушёнка_S	1
пулково_S	0
представленить_V	0
нежареный_A	1
установить_V	0
кока_S	1
жирнющий_A	1
продолж_S	0
торон_S	0
прёть_V	1
зафиксируть_S	0
перекусить_V	1
раздеться_V	0
жульенообразный_A	0
дрэда_S	1
единомышленник_S	0
опёк_S	1
четырнадцатичеловековый_A	0
впечатлять_V	0
подмазывать_V	1
недосыпать_V	1
вертеть_V	0
блить_V	1
демонстрировать_V	0
бурека_S	0
обожгуться_V	1
говяж_S	1
замучать_V	1
кортеж_S	0
юнтоловский_A	0
иметь_V	0
иааскиевский_A	0
непритронутый_A	1
хорватский_A	0
котлета_S	1
хэштег_S	0
подливаться_V	1
подвигнуть_V	0
двусторонина_S	0
помодоро_S	0
одеколон_S	1
макарончик_S	1
пропахть_V	1
закономерный_A	0
трапезничать_V	1
живительный_A	0
горевать_V	1
никотиный_A	1
догадка_S	1
нехотеть_V	1
чача_S	1
ярка_S	0
неоспоримый_A	0
зрительский_A	0
помидорка_S	1
гамберетти_S	0
игровой_A	0
удостовериться_V	0
трусца_S	1
притопить_V	1
сырец_S	1
аппетитный_A	1
бокал_S	0
сплоховать_V	1
вук_S	1
имедж_S	0
процедить_V	1
библейский_A	0
нервничать_V	1
придирчивый_A	1
безрукий_A	1
тополь_S	0
энджа_S	0
креветулечка_S	1
шатёр_S	0
колбаска_S	1
заварника_S	1
миндальничать_V	1
причудливость_S	0
помириться_V	1
посвящёть_V	0
молокий_S	1
многобуквие_S	0
морожный_A	1
молодёжь_S	0
белуга_S	1
бессолевой_A	1
каравать_V	1
открыть_V	0
морковочка_S	1
уют_S	0
хныкать_V	1
дефлоп_S	0
обмануть_V	1
лорен_S	0
заплесневелать_V	1
нечищеный_A	1
неспростой_S	1
дрянь_S	1
астрономический_A	0
расхлябать_V	1
обьяснение_S	0
прозрачненький_A	1
преклоняться_V	0
неудобный_A	1
заказываеть_V	1
травулька_S	1
изъявить_V	0
шутить_V	1
сумый_A	0
смиксовать_V	1
отделеный_A	0
многокабиночный_A	0
южанин_S	0
тот_A	0
следовый_A	0
литтл_S	0
зяленый_A	1
херосим_S	1
недостаться_V	1
разбавленотец_S	1
новичок_S	0
гребнь_S	0
кисловатый_A	1
вычет_S	0
паппарделла_S	0
пивопея_S	0
хреновотец_S	1
завершиться_V	0
загривок_S	1
посудомойщик_S	1
предстать_V	0
разрознить_V	0
многооттеночный_A	0
бааальша_S	0
поделать_V	1
крем_S	1
карпаччесть_S	1
уникальный_A	0
осень_S	0
родстенник_S	0
изумять_V	0
клянчить_V	1
оссобуковский_S	0
сверхвыдаться_V	0
ссориться_V	1
преобразить_V	0
подложечка_S	1
предлинный_A	0
шатобриан_S	0
лапша_S	1
гаштета_S	1
бекончик_S	1
намазываев_S	1
айронут_S	0
флудёр_S	0
медить_V	0
огрызочко_S	1
ковырять_V	1
перхоть_S	1
мамалыга_S	1
вяленький_A	1
снегур_S	0
знаменательный_A	0
никогд_S	0
погнать_V	1
190рубый_A	0
неточный_A	1
недовольство_S	1
вопль_S	0
картограф_S	0
желудочек_S	1
пабчик_S	1
фишка_S	1
восхитителить_V	0
свинство_S	1
забористый_A	1
вонь_S	1
прожёвываться_V	1
прожть_S	1
побаловать_V	1
закажть_V	1
плавательный_A	0
счёт_S	1
подлый_A	1
литва_S	0
крошить_V	1
покусать_V	1
гарнирчик_S	1
оригиальный_A	0
герл_S	0
паровыя_S	0
приед_S	1
телега_S	0
пан_S	0
фиксировать_V	0
всмотреться_V	0
спьять_S	1
попь_S	1
бурат_S	0
обгрызать_V	1
нововыя_S	0
хватка_S	1
пивбар_S	0
миланеза_S	0
молочник_S	1
позорить_V	1
клубничинка_S	1
изумительть_V	0
ковыряние_S	1
позажаристь_S	1
наблюдать_V	0
отделиться_V	0
отоноситься_V	0
пеканчик_S	1
разлюля_S	1
скрещивание_S	0
бестолковщина_S	1
представитель_S	0
половина_S	1
невкусный_A	1
фиговый_A	1
нарекать_V	1
евроньюс_S	0
будоражить_V	0
чинный_A	0
фио_S	0
водовка_S	1
изыскание_S	0
произведить_V	0
запечатлить_V	0
парадиз_S	0
чревоугодничать_V	1
сопливый_A	1
река_S	0
гриб_S	0
самобытность_S	0
посказать_V	1
пошлить_V	1
опосредовать_V	0
блистасть_S	0
летать_V	0
жевок_S	1
амарена_S	0
огромность_S	0
зажалить_V	1
пожалеть_V	1
мерзотный_A	1
промоутереть_V	0
втюхать_V	1
готовьться_V	1
обновление_S	0
дамский_A	0
просчёт_S	1
втроь_S	1
чекина_S	0
ничегошный_A	1
мятие_S	1
кнжечка_S	1
забурчать_V	1
кофеёк_S	1
вертуоз_S	0
несговорчивый_A	1
винопитие_S	1
махра_S	1
форзаец_S	1
отвратистить_V	1
марафонский_A	0
несъедобность_S	1
сведетель_S	0
очаровательнейшать_V	0
примочка_S	1
чайковский_S	0
пытться_V	0
потемкин_S	0
мороженый_A	1
удлинить_V	0
давный_A	0
интеграция_S	0
склонять_V	0
примерзать_V	1
разверзнуть_V	0
красивие_S	0
вписаться_V	0
заварнушко_S	1
забор_S	1
съестной_A	1
оценёть_V	0
нотка_S	0
отожрать_V	1
маячить_V	0
приблуд_S	1
желудочный_A	1
сожелание_S	0
взрывной_A	0
трансформация_S	0
преемственность_S	0
своеобразие_S	0
небойся_S	1
галатрон_S	0
вемсить_V	0
жжёнка_S	1
сбавль_S	1
грызть_V	1
эстетический_A	0
недовольствие_S	1
здравствовать_V	0
молодог_S	0
благодарность_S	0
макарошка_S	1
иссонанс_S	0
сигарный_A	1
мохитотец_S	0
многокурящий_A	0
пограничник_S	0
волновой_A	0
зиться_V	1
бутербродишко_S	1
заливный_A	1
посвятить_V	0
заварить_V	1
неужеле_S	1
недоедание_S	1
соловецкий_A	0
мерзкий_A	1
центр_S	0
неудачный_A	1
купить_V	0
умничать_V	1
приветственный_A	0
фирма_S	0
раствориться_V	1
патиссон_S	0
дижонский_A	0
сытный_A	1
приготовленый_A	0
панорама_S	0
выплюнуть_V	1
недостака_S	1
шёпот_S	1
диккенсовский_A	0
слачуя_S	1
кульфя_S	0
недостача_S	1
крылатый_A	0
некричащий_A	1
особать_V	0
ореол_S	0
неинтерессный_A	1
похрустявить_V	1
роуз_S	0
пирожок_S	1
негативчик_S	1
экспрессо_S	0
лепшка_S	1
трепетный_A	0
восс_S	0
сдобрить_V	1
бслуживание_S	0
бозбаш_S	1
финтиплюшка_S	1
свинушка_S	1
хоровод_S	0
удоволетворение_S	0
брюзжать_V	1
режим_S	1
рамзь_S	0
недосоить_V	1
сампсониевский_A	0
самос_S	1
юра_S	0
нaзaд_S	1
размерность_S	0
флаерса_S	1
беззлобный_A	1
трансформировать_V	0
недоресторан_S	1
вечер_S	0
пюрешка_S	1
пьяненький_A	1
вонючий_A	1
неудача_S	1
мебелишка_S	1
300руга_S	0
направленть_V	0
пилить_V	1
сууупереть_V	0
светлановский_A	0
любование_S	0
неопасный_A	1
какий_S	0
проваливай_S	1
кисель_S	1
нечть_V	1
доедать_V	1
резюмируя_S	0
кусаться_V	1
лечить_V	1
таблетка_S	1
неходясь_S	1
ёлочка_S	1
запечатлеть_V	0
тушенкий_S	1
новоявленный_A	0
вскблгро_S	0
дгореть_V	1
заграничность_S	0
смущаться_V	0
зрегистрироваться_V	0
малость_S	1
малоаппетитный_A	1
пельменный_A	0
обмякнуть_V	1
певческий_A	0
либабов_S	1
клевый_A	1
везита_S	1
свадьба_S	1
меренга_S	0
амич_S	0
одногруппниец_S	0
неубраный_A	1
малосольный_A	1
прожарный_A	1
нумерация_S	0
взваривать_V	1
забывчивый_A	1
замечательнвый_A	0
ухудшить_V	1
брейгель_S	0
отмечавать_V	0
боязный_A	1
загадочный_A	0
францискайнер_S	0
намотётя_S	1
юхуа_S	1
пивчанский_A	0
баловать_V	1
двадцатилетний_A	0
пиротехник_S	0
нечесаный_A	1
остановлить_V	0
чорный_A	1
непьть_V	1
викторианский_A	0
булочка_S	1
глупый_A	1
именитый_A	0
эликсир_S	0
посудка_S	1
ознакомительный_A	0
новёхонький_A	0
сырь_S	1
маслиец_S	1
целенаправленный_A	0
рыдать_V	0
стручок_S	1
сколочить_V	0
пробежаться_V	1
аукать_V	0
стадо_S	1
ласкающать_V	0
трехчасовый_A	0
бухара_S	0
пальма_S	0
триединый_A	0
романтичский_A	0
удон_S	0
непрошибаемый_A	1
бесчисленный_A	0
испаньёлка_S	0
баунтить_V	1
банчишко_S	1
винишко_S	1
популярный_A	0
приветсвовать_V	0
простудный_A	1
новоизмайловский_A	0
проглатить_V	1
заказаывать_V	1
накричать_V	1
сухомятка_S	1
феномен_S	0
смалец_S	1
неиссякаемый_A	0
огрызаться_V	1
уговариваться_V	1
сырик_S	1
коэльо_S	0
атлет_S	0
прикормить_V	1
короед_S	1
роннефельд_S	0
дессерт_S	1
заинтересованний_A	0
придирк_S	1
подраздель_S	0
овмещеть_V	0
урааа_S	0
грибоедовский_A	0
слабоострый_A	1
огорчить_V	1
перезаморозка_S	1
греймс_S	0
сладуська_S	1
постненький_S	1
связанть_V	0
диетик_S	1
впечатлень_S	0
заплесневелый_A	1
совокуплять_V	0
фаталочка_S	1
новозеландский_A	0
устремиться_V	0
старорусский_A	0
съть_V	1
вредничать_V	1
разновозрастный_A	0
восхищаться_V	0
наиглавный_A	0
симметричность_S	0
котлетка_S	1
нехватка_S	1
наптка_S	1
вкусненький_A	1
сочетаться_V	0
засохть_V	1
заглатывать_V	1
прововать_V	1
подобавать_V	0
клюквеный_A	1
вкуснятский_A	1
двухтысячный_A	0
соотносить_V	0
макдачный_A	0
мариньер_S	0
склизлый_A	1
диетпитание_S	1
разварёный_A	1
многобразие_S	0
смореброд_S	1
удостаиваться_V	0
репрезентативный_A	0
быстрошный_A	1
промахиваться_V	1
повестись_V	0
уникальность_S	0
напредставлять_V	0
один_A	0
стейхаусовский_A	0
зоя_S	0
демон_S	0
слякоть_S	1
привкус_S	1
изжариться_V	1
недожареный_A	1
салат_S	1
восходить_V	0
вредный_A	1
аут_S	0
динамиока_S	0
дадада_S	0
ледоход_S	1
опослить_V	1
медок_S	1
пойло_S	1
фуфть_V	1
асамбль_S	0
самоотдача_S	0
отходняк_S	0
рана_S	0
пирожный_A	1
веер_S	0
пропишить_V	1
угнать_V	1
мифический_A	0
протёртый_A	1
лакать_V	1
бабулек_S	1
интересуться_V	0
брррррра_S	1
подлость_S	1
юг_S	1
дуглас_S	0
недолжена_S	1
скульптура_S	0
ерундый_A	1
приторговывать_V	1
прожуй_S	1
глинтвейнчик_S	1
ласся_S	0
встроить_V	0
писать_V	0
запоминать_V	0
спиралька_S	0
х110р_S	0
ляпнуть_V	1
проедьть_V	1
паулайнеровский_A	0
копеечка_S	1
фланируть_S	0
недорастаять_V	1
встречить_V	0
пропадать_V	1
обводный_A	0
недождуться_V	1
стауть_V	1
гранитный_A	0
обустроиться_V	0
расстраиваться_V	1
недоедный_A	1
тропический_A	0
грампластинка_S	0
бейджик_S	1
кучкуться_V	0
острейшея_S	1
рубинштейновский_A	0
оглоед_S	1
молельный_A	0
замена_S	0
скуз_S	1
невнятица_S	1
форум_S	0
купенатор_S	0
непьяный_A	1
муха_S	1
милый_A	0
чиаббат_S	0
припустить_V	1
безвольный_A	1
свод_S	0
родословный_A	0
обед_S	1
взлвать_V	0
возникновение_S	0
ялта_S	1
медик_S	1
ватрушка_S	1
злобный_A	1
видеорегистратор_S	0
проваливаться_V	1
сводить_V	0
баскайло_S	0
похлёбка_S	1
стартер_S	0
углубление_S	0
пионер_S	0
фритта_S	0
лохануться_V	1
перерыть_V	0
отвратный_A	1
припалить_V	1
жмиться_V	1
юношеский_A	0
отмечань_S	0
восхищать_V	0
кораблестроитель_S	0
металоконструкция_S	0
хрить_V	1
топпинга_S	0
интеьер_S	0
скучный_A	1
мякиш_S	1
неправильный_A	1
одушевлеть_V	0
отреставрировать_V	0
охват_S	0
тушка_S	1
кебаб_S	1
рвота_S	1
наливочка_S	1
заботиться_V	1
тысячелетие_S	0
крупский_S	0
воодушевить_V	0
параллесть_S	0
вонять_V	1
cуууууп_S	0
нехая_S	1
сервис_S	1
хокайдовый_A	0
грубокий_S	1
группироваться_V	0
закажать_V	1
дрянный_A	1
собирать_V	0
внутренний_A	0
неаполь_S	0
беспардонный_A	1
очередь_S	0
трактир_S	1
зло_S	0
вкусавыя_S	1
непогода_S	1
самогонный_A	1
мясо_S	1
солист_S	0
восхищасть_S	0
сотка_S	0
тащатый_A	1
питаться_V	1
грациозность_S	0
неполный_A	1
пивец_S	1
недонос_S	1
португальский_A	0
твёрдый_A	0
обидеть_V	1
нелюбль_S	1
бежать_V	1
мятный_A	0
обкатать_V	0
заведа_S	1
сумничать_V	1
выделить_V	0
обсосать_V	1
труффальдин_S	0
говяжить_V	1
мясооооооооооо_S	1
кухня_S	1
захныкать_V	1
ножечка_S	1
округлый_A	0
общепит_S	1
глотка_S	1
попдать_V	1
шансоновский_A	0
столовский_A	0
камасутра_S	0
прожжёный_A	1
довестись_V	0
стабенький_A	1
замарать_V	1
пространственный_A	0
хауз_S	0
гратенный_A	0
фаршировка_S	1
контекст_S	0
непривередливый_A	1
одноименец_S	0
вокер_S	0
родина_S	0
ошибёться_V	1
тархуновский_A	0
вкусный_S	1
неразговорчивый_A	1
